Route_name,Route_link,Bus_name,Bus_type,Departing_time,Total_duration,Reaching_time,Star_Rating,Price,Seats_Available,State
Digha to Barasat (West Bengal),https://www.redbus.in/bus-tickets/digha-to-barasat-west-bengal,WBTC (CTC) HABRA-DIGHA via Esplanade - 176|04:00,Non AC Seater (2+3),04:00,05h 50m,09:50,"4.3
11",165,49 Seats available,WEST BENGAL
Digha to Barasat (West Bengal),https://www.redbus.in/bus-tickets/digha-to-barasat-west-bengal,WBTC (CTC) BARASAT-DIGHA via Bally - 38|05:40,Non AC Seater (2+3),05:40,04h 30m,10:10,"3.5
124",161,36 Seats available,WEST BENGAL
Digha to Barasat (West Bengal),https://www.redbus.in/bus-tickets/digha-to-barasat-west-bengal,WBTC (CTC) HABRA-DIGHA via Bally - 26|10:00,Non AC Seater (2+3),10:00,04h 45m,14:45,"3.7
49",161,33 Seats available,WEST BENGAL
Digha to Barasat (West Bengal),https://www.redbus.in/bus-tickets/digha-to-barasat-west-bengal,WBTC (CTC) HABRA-DIGHA via Bally - 26|10:40,Non AC Seater (2+3),10:40,04h 45m,15:25,"2.8
43",161,44 Seats available,WEST BENGAL
Digha to Barasat (West Bengal),https://www.redbus.in/bus-tickets/digha-to-barasat-west-bengal,WBTC (CTC) Barasat-Digha Via Bally (AC VOLVO) - 201|11:15,Volvo AC Seater (2+2),11:15,03h 50m,15:05,"3.6
22",410,13 Seats available,WEST BENGAL
Digha to Barasat (West Bengal),https://www.redbus.in/bus-tickets/digha-to-barasat-west-bengal,WBTC (CTC) HABRA-DIGHA via Bally - 26|11:30,Non AC Seater (2+3),11:30,04h 45m,16:15,"3.4
28",161,40 Seats available,WEST BENGAL
Digha to Barasat (West Bengal),https://www.redbus.in/bus-tickets/digha-to-barasat-west-bengal,WBTC (CTC) HABRA-DIGHA via Bally - 26|12:50,Non AC Seater (2+3),12:50,04h 45m,17:35,"3.8
44",161,45 Seats available,WEST BENGAL
Digha to Barasat (West Bengal),https://www.redbus.in/bus-tickets/digha-to-barasat-west-bengal,WBTC (CTC) HABRA-DIGHA via Bally - 26|13:25,Non AC Seater (2+3),13:25,04h 45m,18:10,"2.8
38",161,41 Seats available,WEST BENGAL
Digha to Barasat (West Bengal),https://www.redbus.in/bus-tickets/digha-to-barasat-west-bengal,WBTC (CTC) HABRA-DIGHA via Bally - 26|14:50,Non AC Seater (2+3),14:50,04h 45m,19:35,"3.7
69",161,34 Seats available,WEST BENGAL
Digha to Barasat (West Bengal),https://www.redbus.in/bus-tickets/digha-to-barasat-west-bengal,WBTC (CTC) BARASAT-DIGHA via Bally - 38|15:35,Non AC Seater (2+3),15:35,05h 15m,20:50,3.5,161,38 Seats available,WEST BENGAL
Digha to Barasat (West Bengal),https://www.redbus.in/bus-tickets/digha-to-barasat-west-bengal,Ankita Paribahan,AC Seater (2+3),06:20,05h 50m,12:10,3.0,333,41 Seats available,WEST BENGAL
Digha to Barasat (West Bengal),https://www.redbus.in/bus-tickets/digha-to-barasat-west-bengal,GOPINATH TRAVELS,AC Seater (2+2),09:30,06h 05m,15:35,New,500,47 Seats available,WEST BENGAL
Digha to Barasat (West Bengal),https://www.redbus.in/bus-tickets/digha-to-barasat-west-bengal,Snemita Parisheba(Santosh),AC Seater (2+3),11:30,04h 50m,16:20,"3.5
20",333,26 Seats available,WEST BENGAL
Digha to Barasat (West Bengal),https://www.redbus.in/bus-tickets/digha-to-barasat-west-bengal,City Express,AC Seater (2+3),11:35,05h 21m,16:56,"3.8
23",370,23 Seats available,WEST BENGAL
Digha to Barasat (West Bengal),https://www.redbus.in/bus-tickets/digha-to-barasat-west-bengal,Snemita Paribahan,AC Seater (2+3),11:35,05h 35m,17:10,"3.6
11",356,5 Seats available,WEST BENGAL
Durgapur (West Bengal) to Kolkata,https://www.redbus.in/bus-tickets/durgapur-to-kolkata,SBSTC-DURGAPUR - KOLKATA - 05:00 (DGP DEPOT) - 122,Non AC Seater (2+3),05:00,03h 30m,08:30,"4.4
173",150,42 Seats available,WEST BENGAL
Durgapur (West Bengal) to Kolkata,https://www.redbus.in/bus-tickets/durgapur-to-kolkata,SBSTC-DURGAPUR - KARUNAMOYEE - 05:15 (DGP DEPOT) - 383,Non AC Seater (2+3),05:15,04h 00m,09:15,"4.1
294",155,34 Seats available,WEST BENGAL
Durgapur (West Bengal) to Kolkata,https://www.redbus.in/bus-tickets/durgapur-to-kolkata,SBSTC-DURGAPUR - KOLKATA - 05:30 (DGP DEPOT) - 123,Non AC Seater (2+3),05:30,03h 30m,09:00,"4.0
87",150,49 Seats available,WEST BENGAL
Durgapur (West Bengal) to Kolkata,https://www.redbus.in/bus-tickets/durgapur-to-kolkata,SBSTC-DURGAPUR - KARUNAMOYEE - 05:40 (DGP DEPOT) - 135,Non AC Seater (2+3),05:40,04h 00m,09:40,"3.5
67",155,45 Seats available,WEST BENGAL
Durgapur (West Bengal) to Kolkata,https://www.redbus.in/bus-tickets/durgapur-to-kolkata,SBSTC-DURGAPUR - KOLKATA - L/S - 06:00 (DGP DEPOT) - 125,Non AC Seater (2+3),06:00,03h 30m,09:30,"3.4
100",150,47 Seats available,WEST BENGAL
Durgapur (West Bengal) to Kolkata,https://www.redbus.in/bus-tickets/durgapur-to-kolkata,SBSTC-DURGAPUR - KARUNAMOYEE - 06:15 (DGP DEPOT) - 136,Non AC Seater (2+3),06:15,04h 00m,10:15,"4.1
244",155,33 Seats available,WEST BENGAL
Durgapur (West Bengal) to Kolkata,https://www.redbus.in/bus-tickets/durgapur-to-kolkata,SBSTC-DURGAPUR - KOLKATA - 06:30 (DGP DEPOT) - 126,Non AC Seater (2+3),06:30,03h 30m,10:00,"4.0
83",150,40 Seats available,WEST BENGAL
Durgapur (West Bengal) to Kolkata,https://www.redbus.in/bus-tickets/durgapur-to-kolkata,SBSTC-ASANSOL - KOLKATA - 05:35 (ASANSOL DEPOT) - 140,Non AC Seater (2+3),06:45,03h 30m,10:15,"2.3
33",150,43 Seats available,WEST BENGAL
Durgapur (West Bengal) to Kolkata,https://www.redbus.in/bus-tickets/durgapur-to-kolkata,SBSTC-DURGAPUR - KARUNAMOYEE - 06:50 (DGP DEPOT) - 137,Non AC Seater (2+3),06:50,04h 00m,10:50,"3.5
176",155,33 Seats available,WEST BENGAL
Durgapur (West Bengal) to Kolkata,https://www.redbus.in/bus-tickets/durgapur-to-kolkata,SBSTC-JAMURIA - KOLKATA - VIA - DURGAPUR - 06:00 (HWH DE - 334,Non AC Seater (2+3),07:00,03h 30m,10:30,"2.7
17",150,51 Seats available,WEST BENGAL
Durgapur (West Bengal) to Kolkata,https://www.redbus.in/bus-tickets/durgapur-to-kolkata,SBSTC-ASANSOL - KARUNAMOYEE - 06:00 (ASN DEPOT) - 150,Non AC Seater (2+3),07:10,04h 00m,11:10,"3.8
107",155,15 Seats available,WEST BENGAL
Durgapur (West Bengal) to Kolkata,https://www.redbus.in/bus-tickets/durgapur-to-kolkata,SBSTC-DURGAPUR - KOLKATA - 07:15 (DGP DEPOT) - 127,Non AC Seater (2+3),07:15,03h 30m,10:45,"4.2
68",150,37 Seats available,WEST BENGAL
Durgapur (West Bengal) to Kolkata,https://www.redbus.in/bus-tickets/durgapur-to-kolkata,SBSTC-BANKURA - KARUNAMOYEE - 05:40 (BNK DEPOT) - 235,Non AC Seater (2+3),07:20,04h 00m,11:20,"3.6
67",155,18 Seats available,WEST BENGAL
Durgapur (West Bengal) to Kolkata,https://www.redbus.in/bus-tickets/durgapur-to-kolkata,SBSTC-ASANSOL - KOLKATA - L/S - 06:20 (ASANSOL DEPOT) - 142,Non AC Seater (2+3),07:30,03h 30m,11:00,"3.3
26",150,50 Seats available,WEST BENGAL
Durgapur (West Bengal) to Kolkata,https://www.redbus.in/bus-tickets/durgapur-to-kolkata,SBSTC-ASANSOL - KARUNAMOYEE - A/C - 06:10 (BEL DEPOT) - 1514,AC Seater (2+2),07:30,04h 00m,11:30,"3.3
55",300,33 Seats available,WEST BENGAL
Durgapur (West Bengal) to Kolkata,https://www.redbus.in/bus-tickets/durgapur-to-kolkata,Pammi Travels,NON A/C Sleeper (2+1),02:00,04h 00m,06:00,3.6,694,22 Seats available,WEST BENGAL
Durgapur (West Bengal) to Kolkata,https://www.redbus.in/bus-tickets/durgapur-to-kolkata,Royal Cruiser,Scania Multi-Axle AC Semi Sleeper (2+2),02:00,04h 00m,06:00,"3.7
84",500,8 Seats available,WEST BENGAL
Durgapur (West Bengal) to Kolkata,https://www.redbus.in/bus-tickets/durgapur-to-kolkata,Pammi Travels,Non A/C Seater / Sleeper (2+1),02:00,04h 00m,06:00,3.6,601,8 Seats available,WEST BENGAL
Durgapur (West Bengal) to Kolkata,https://www.redbus.in/bus-tickets/durgapur-to-kolkata,Express Line (Karunamoyee),Volvo 9600 Multi Axle Semi-Sleeper (2+2),06:10,03h 10m,09:20,"4.2
7",486,41 Seats available,WEST BENGAL
Durgapur (West Bengal) to Kolkata,https://www.redbus.in/bus-tickets/durgapur-to-kolkata,Express Line (Karunamoyee),Volvo 9600 Multi Axle Semi-Sleeper (2+2),06:10,03h 10m,09:20,"4.6
263",486,41 Seats available,WEST BENGAL
Digha to Kolkata,https://www.redbus.in/bus-tickets/digha-to-kolkata,SBSTC-DIGHA - KOLKATA - 05:30 (KALNA DEPOT) - 3646,Non AC Seater (2+3),05:30,04h 30m,10:00,"4.2
92",155,52 Seats available,WEST BENGAL
Digha to Kolkata,https://www.redbus.in/bus-tickets/digha-to-kolkata,SBSTC-DIGHA - KOLKATA - 05:40 (ARM DEPOR) - 897,Non AC Seater (2+3),05:40,04h 30m,10:10,3.5,155,52 Seats available,WEST BENGAL
Digha to Kolkata,https://www.redbus.in/bus-tickets/digha-to-kolkata,SBSTC-DIGHA - BARASAT - 06:00 (DIGHA DEPOT) - 853,Non AC Seater (2+3),06:00,04h 30m,10:30,"4.1
41",155,39 Seats available,WEST BENGAL
Digha to Kolkata,https://www.redbus.in/bus-tickets/digha-to-kolkata,SBSTC-DIGHA - KOLKATA - 06:30 (KHRP DEPOT) - 2776,Non AC Seater (2+3),06:30,04h 30m,11:00,"3.7
70",155,52 Seats available,WEST BENGAL
Digha to Kolkata,https://www.redbus.in/bus-tickets/digha-to-kolkata,SBSTC-DIGHA - KOLKATA - 07:20 (MID DEPOT) - 3149,Non AC Seater (2+3),07:20,04h 30m,11:50,"3.2
11",155,50 Seats available,WEST BENGAL
Digha to Kolkata,https://www.redbus.in/bus-tickets/digha-to-kolkata,SBSTC-DIGHA - KOLKATA - 07:40 (KALNA DEPOT) - 3825,Non AC Seater (2+3),07:40,04h 30m,12:10,"2.7
14",155,52 Seats available,WEST BENGAL
Digha to Kolkata,https://www.redbus.in/bus-tickets/digha-to-kolkata,SBSTC-DIGHA - KOLKATA - 08:00 (ARM DEPOT) - 720,Non AC Seater (2+3),08:00,04h 30m,12:30,"3.7
20",155,52 Seats available,WEST BENGAL
Digha to Kolkata,https://www.redbus.in/bus-tickets/digha-to-kolkata,SBSTC-DIGHA - GARIA - VIA - CONTAI - 08:10 - 507,Non AC Seater (2+3),08:10,05h 30m,13:40,"4.1
25",162,43 Seats available,WEST BENGAL
Digha to Kolkata,https://www.redbus.in/bus-tickets/digha-to-kolkata,SBSTC-DIGHA - KOLKATA - 08:35 (MID DEPOT) - 3157,Non AC Seater (2+3),08:35,04h 30m,13:05,"3.2
21",155,52 Seats available,WEST BENGAL
Digha to Kolkata,https://www.redbus.in/bus-tickets/digha-to-kolkata,SBSTC-DIGHA - GARIA - 09:25 (DIGHA DEPOT) - 3753,Non AC Seater (2+3),09:25,04h 30m,13:55,"4.0
39",155,50 Seats available,WEST BENGAL
Digha to Kolkata,https://www.redbus.in/bus-tickets/digha-to-kolkata,SBSTC-DIGHA - HABRA - 09:45 (DIG DEPOT) - 3700,Non AC Seater (2+3),09:45,04h 30m,14:15,"3.7
14",155,40 Seats available,WEST BENGAL
Digha to Kolkata,https://www.redbus.in/bus-tickets/digha-to-kolkata,SBSTC-DIGHA - GARIA - 10:00 (DIGHA DEPOT) - 4015,Non AC Seater (2+3),10:00,04h 30m,14:30,3.5,155,52 Seats available,WEST BENGAL
Digha to Kolkata,https://www.redbus.in/bus-tickets/digha-to-kolkata,SBSTC-DIGHA - BARASAT - 10:20 - 508,Non AC Seater (2+3),10:20,04h 30m,14:50,"2.9
22",155,41 Seats available,WEST BENGAL
Digha to Kolkata,https://www.redbus.in/bus-tickets/digha-to-kolkata,SBSTC-DIGHA - GARIA - 10:30 (DIGHA DEPOT) - 2680,Non AC Seater (2+3),10:30,05h 30m,16:00,"3.8
32",162,41 Seats available,WEST BENGAL
Digha to Kolkata,https://www.redbus.in/bus-tickets/digha-to-kolkata,SBSTC-DIGHA - BELGHARIA - 10:40 (BEL DEPOT) - 1363,Non AC Seater (2+3),10:40,05h 00m,15:40,"2.8
20",155,47 Seats available,WEST BENGAL
Digha to Kolkata,https://www.redbus.in/bus-tickets/digha-to-kolkata,Express Line,Volvo 9600 Multi Axle Semi-Sleeper (2+2),13:45,04h 30m,18:15,"4.5
405",399,38 Seats available,WEST BENGAL
Digha to Kolkata,https://www.redbus.in/bus-tickets/digha-to-kolkata,Shyamoli Paribahan Pvt Ltd,Volvo A/C Seater (2+2),13:30,04h 55m,18:25,"4.5
302",440,24 Seats available,WEST BENGAL
Digha to Kolkata,https://www.redbus.in/bus-tickets/digha-to-kolkata,Express Line,VE A/C Seater (2+2),10:25,04h 55m,15:20,"4.1
368",399,15 Seats available,WEST BENGAL
Digha to Kolkata,https://www.redbus.in/bus-tickets/digha-to-kolkata,Mayuri Express,A/C Seater (2+3),11:15,04h 45m,16:00,"4.2
184",315,32 Seats available,WEST BENGAL
Digha to Kolkata,https://www.redbus.in/bus-tickets/digha-to-kolkata,Greenline,Volvo A/C Seater (2+2),13:30,04h 45m,18:15,"4.5
194",300,9 Seats available,WEST BENGAL
Barasat (West Bengal) to Digha,https://www.redbus.in/bus-tickets/barasat-west-bengal-to-digha,WBTC (CTC) HABRA-DIGHA via Bally - 26|04:30,Non AC Seater (2+3),04:30,03h 50m,08:20,"3.4
55",161,32 Seats available,WEST BENGAL
Barasat (West Bengal) to Digha,https://www.redbus.in/bus-tickets/barasat-west-bengal-to-digha,WBTC (CTC) HABRA-DIGHA via Bally - 26|05:00,Non AC Seater (2+3),05:00,03h 50m,08:50,"3.8
74",161,48 Seats available,WEST BENGAL
Barasat (West Bengal) to Digha,https://www.redbus.in/bus-tickets/barasat-west-bengal-to-digha,WBTC (CTC) HABRA-DIGHA via Bally - 26|05:35,Non AC Seater (2+3),05:35,03h 50m,09:25,"2.5
47",161,48 Seats available,WEST BENGAL
Barasat (West Bengal) to Digha,https://www.redbus.in/bus-tickets/barasat-west-bengal-to-digha,WBTC (CTC) HABRA-DIGHA via Bally - 26|06:00,Non AC Seater (2+3),06:00,03h 50m,09:50,"3.2
51",161,45 Seats available,WEST BENGAL
Barasat (West Bengal) to Digha,https://www.redbus.in/bus-tickets/barasat-west-bengal-to-digha,WBTC (CTC) HABRA-DIGHA via Bally - 26|06:25,Non AC Seater (2+3),06:25,03h 45m,10:10,"2.8
50",161,35 Seats available,WEST BENGAL
Barasat (West Bengal) to Digha,https://www.redbus.in/bus-tickets/barasat-west-bengal-to-digha,WBTC (CTC) BARASAT-DIGHA (AC-VOLVO) - 28|06:30,Volvo AC Seater (2+2),06:30,05h 35m,12:05,"3.3
9",425,29 Seats available,WEST BENGAL
Barasat (West Bengal) to Digha,https://www.redbus.in/bus-tickets/barasat-west-bengal-to-digha,WBTC (CTC) BARASAT-DIGHA via Bally - 38|07:20,Non AC Seater (2+3),07:20,03h 55m,11:15,3.3,161,37 Seats available,WEST BENGAL
Barasat (West Bengal) to Digha,https://www.redbus.in/bus-tickets/barasat-west-bengal-to-digha,WBTC (CTC) HABRA-DIGHA via Bally - 26|08:15,Non AC Seater (2+3),08:15,03h 45m,12:00,"2.7
41",161,40 Seats available,WEST BENGAL
Barasat (West Bengal) to Digha,https://www.redbus.in/bus-tickets/barasat-west-bengal-to-digha,WBTC (CTC) HABRA-DIGHA via Bally - 26|14:00,Non AC Seater (2+3),14:00,04h 00m,18:00,"3.4
8",161,51 Seats available,WEST BENGAL
Barasat (West Bengal) to Digha,https://www.redbus.in/bus-tickets/barasat-west-bengal-to-digha,WBTC (CTC) BARASAT-DIGHA via Bally - 38|15:00,Non AC Seater (2+3),15:00,03h 45m,18:45,"3.2
63",161,34 Seats available,WEST BENGAL
Barasat (West Bengal) to Digha,https://www.redbus.in/bus-tickets/barasat-west-bengal-to-digha,Aradhana Travels,Non AC Seater (2+3),01:00,06h 00m,07:00,3.6,450,13 Seats available,WEST BENGAL
Barasat (West Bengal) to Digha,https://www.redbus.in/bus-tickets/barasat-west-bengal-to-digha,Aradhana Travels,A/C Seater / Sleeper (2+2),02:30,05h 30m,08:00,3.6,540,45 Seats available,WEST BENGAL
Barasat (West Bengal) to Digha,https://www.redbus.in/bus-tickets/barasat-west-bengal-to-digha,Snemita Paribahan,AC Seater (2+3),05:35,04h 45m,10:20,"4.1
17",370,16 Seats available,WEST BENGAL
Barasat (West Bengal) to Digha,https://www.redbus.in/bus-tickets/barasat-west-bengal-to-digha,Satya Paribahan,A/C Seater (2+3),05:40,05h 55m,11:35,"3.5
7",400,20 Seats available,WEST BENGAL
Barasat (West Bengal) to Digha,https://www.redbus.in/bus-tickets/barasat-west-bengal-to-digha,Rudraksha City Service,A/C Seater (2+3),07:00,05h 20m,12:20,"3.6
13",400,40 Seats available,WEST BENGAL
Kolkata to Durgapur (West Bengal),https://www.redbus.in/bus-tickets/kolkata-to-durgapur,SBSTC-KOLKATA - PURULIA - VIA - ASN - 05:00 - (PRL DEPOT - 262,Non AC Seater (2+3),05:00,03h 15m,08:15,"3.7
28",150,52 Seats available,WEST BENGAL
Kolkata to Durgapur (West Bengal),https://www.redbus.in/bus-tickets/kolkata-to-durgapur,SBSTC-KARUNAMOYEE - ASANSOL - 05:15 (ASN DEPOT) - 481,Non AC Seater (2+3),05:15,03h 45m,09:00,"3.9
152",155,40 Seats available,WEST BENGAL
Kolkata to Durgapur (West Bengal),https://www.redbus.in/bus-tickets/kolkata-to-durgapur,SBSTC-KOLKATA - ASANSOL - 05:30 (HOWRAH DEPOT) - 776,Non AC Seater (2+3),05:30,03h 30m,09:00,"3.5
8",150,52 Seats available,WEST BENGAL
Kolkata to Durgapur (West Bengal),https://www.redbus.in/bus-tickets/kolkata-to-durgapur,SBSTC-KARUNAMOYEE - BANKURA - VIA - DURGAPUR - 05:40 - 301,Non AC Seater (2+3),05:40,03h 45m,09:25,"3.9
64",155,41 Seats available,WEST BENGAL
Kolkata to Durgapur (West Bengal),https://www.redbus.in/bus-tickets/kolkata-to-durgapur,SBSTC-KOLKATA - ASANSOL - L/S - 06:00 (HOWRAH DEPOT) - 264,Non AC Seater (2+3),06:00,03h 30m,09:30,"2.6
8",150,52 Seats available,WEST BENGAL
Kolkata to Durgapur (West Bengal),https://www.redbus.in/bus-tickets/kolkata-to-durgapur,SBSTC-KOLKATA - ASANSOL - 06:15 (HOWRAH DEPOT) - 405,Non AC Seater (2+3),06:15,03h 30m,09:45,"4.6
10",150,49 Seats available,WEST BENGAL
Kolkata to Durgapur (West Bengal),https://www.redbus.in/bus-tickets/kolkata-to-durgapur,SBSTC-KARUNAMOYEE - ASANSOL - 06:15 (BEL DEPOT) - 303,Non AC Seater (2+3),06:15,03h 45m,10:00,"4.4
88",155,26 Seats available,WEST BENGAL
Kolkata to Durgapur (West Bengal),https://www.redbus.in/bus-tickets/kolkata-to-durgapur,SBSTC-KARUNAMOYEE - ASANSOL - 06:25 (ASN DEPOT) - 1863,Non AC Seater (2+3),06:25,04h 00m,10:25,"4.5
39",155,51 Seats available,WEST BENGAL
Kolkata to Durgapur (West Bengal),https://www.redbus.in/bus-tickets/kolkata-to-durgapur,SBSTC-KARUNAMOYEE - BANKURA - VIA - DURGAPUR - 06:40 - 305,Non AC Seater (2+3),06:40,03h 45m,10:25,"3.8
48",155,34 Seats available,WEST BENGAL
Kolkata to Durgapur (West Bengal),https://www.redbus.in/bus-tickets/kolkata-to-durgapur,SBSTC-KOLKATA - PURULIA - VIA - ASN - 06:45 (PRL DEPOT) - 267,Non AC Seater (2+3),06:45,03h 05m,09:50,"4.1
21",150,47 Seats available,WEST BENGAL
Kolkata to Durgapur (West Bengal),https://www.redbus.in/bus-tickets/kolkata-to-durgapur,SBSTC-KOLKATA - ASANSOL - 07:00 (HOWRAH DEPOT) - 270,Non AC Seater (2+3),07:00,03h 30m,10:30,"3.5
18",150,49 Seats available,WEST BENGAL
Kolkata to Durgapur (West Bengal),https://www.redbus.in/bus-tickets/kolkata-to-durgapur,SBSTC-KARUNAMOYEE - JHALDA - VIA - ASANSOL - 07:00 - 1088,Non AC Seater (2+3),07:00,03h 50m,10:50,"4.2
91",155,33 Seats available,WEST BENGAL
Kolkata to Durgapur (West Bengal),https://www.redbus.in/bus-tickets/kolkata-to-durgapur,SBSTC-KARUNAMOYEE - BANKURA - VIA - DURGAPUR - 07:20 - 742,Non AC Seater (2+3),07:20,03h 45m,11:05,"4.1
69",155,35 Seats available,WEST BENGAL
Kolkata to Durgapur (West Bengal),https://www.redbus.in/bus-tickets/kolkata-to-durgapur,SBSTC-KARUNAMOYEE - BANKURA - A/C - 07:30 - 1499,AC Seater (2+2),07:30,03h 45m,11:15,"4.3
26",300,29 Seats available,WEST BENGAL
Kolkata to Durgapur (West Bengal),https://www.redbus.in/bus-tickets/kolkata-to-durgapur,SBSTC-KARUNAMOYEE - ASANSOL - VOLVO - 07:50 (BEL DEPOT) - 3957,Volvo AC Seater (2+2),07:50,04h 00m,11:50,"3.8
16",360,51 Seats available,WEST BENGAL
Kolkata to Durgapur (West Bengal),https://www.redbus.in/bus-tickets/kolkata-to-durgapur,Shyamoli Paribahan Pvt Ltd,Volvo A/C Seater (2+2),06:15,03h 15m,09:30,"4.5
399",486,26 Seats available,WEST BENGAL
Kolkata to Durgapur (West Bengal),https://www.redbus.in/bus-tickets/kolkata-to-durgapur,Shyamoli Paribahan Pvt Ltd,Volvo A/C Seater (2+2),06:30,03h 15m,09:45,"4.3
234",486,27 Seats available,WEST BENGAL
Kolkata to Durgapur (West Bengal),https://www.redbus.in/bus-tickets/kolkata-to-durgapur,Express Line (Karunamoyee),Volvo 9600 A/C Seater (2+2),06:30,03h 45m,10:15,"4.6
223",486,33 Seats available,WEST BENGAL
Kolkata to Durgapur (West Bengal),https://www.redbus.in/bus-tickets/kolkata-to-durgapur,Express Line (Karunamoyee),Volvo 9600 A/C Seater (2+2),06:31,03h 44m,10:15,4.5,486,35 Seats available,WEST BENGAL
Kolkata to Durgapur (West Bengal),https://www.redbus.in/bus-tickets/kolkata-to-durgapur,SHYAMOLI Pvt. Ltd.(Karunamoyee),Volvo A/C Seater (2+2),07:00,03h 30m,10:30,"4.8
21",486,27 Seats available,WEST BENGAL
Kolkata to Digha,https://www.redbus.in/bus-tickets/kolkata-to-digha,SBSTC-GARIA - DIGHA - 04:00 (DIGHA DEPOT) - 911,Non AC Seater (2+3),04:00,20h 00m,00:00,"4.1
25",162,37 Seats available,WEST BENGAL
Kolkata to Digha,https://www.redbus.in/bus-tickets/kolkata-to-digha,SBSTC-GARIA - DIGHA - 04:30 (DIGHA DEPOT) - 1216,Non AC Seater (2+3),04:30,19h 30m,00:00,"2.9
24",162,47 Seats available,WEST BENGAL
Kolkata to Digha,https://www.redbus.in/bus-tickets/kolkata-to-digha,SBSTC-GARIA - DIGHA - 05:00 (DIGHA DEPOT) - 910,Non AC Seater (2+3),05:00,19h 00m,00:00,"4.3
31",162,47 Seats available,WEST BENGAL
Kolkata to Digha,https://www.redbus.in/bus-tickets/kolkata-to-digha,SBSTC-BELGHARIA - DIGHA - 05:15 (BEL DEPOT) - 1362,Non AC Seater (2+3),05:15,04h 30m,09:45,"3.9
62",155,47 Seats available,WEST BENGAL
Kolkata to Digha,https://www.redbus.in/bus-tickets/kolkata-to-digha,SBSTC-KOLKATA - DIGHA - 06:00 (HWH DEPOT) - 1001,Non AC Seater (2+3),06:00,04h 30m,10:30,"3.2
80",155,47 Seats available,WEST BENGAL
Kolkata to Digha,https://www.redbus.in/bus-tickets/kolkata-to-digha,SBSTC-BADAMTALA - DIGHA - 05:30 - 905,Non AC Seater (2+3),06:00,04h 30m,10:30,"3.2
21",154,43 Seats available,WEST BENGAL
Kolkata to Digha,https://www.redbus.in/bus-tickets/kolkata-to-digha,SBSTC-KARUNAMOYEE - DIGHA - VIA DUNLOP - 06:15 (DIGHA) - 1760,Non AC Seater (2+3),06:15,05h 00m,11:15,"4.0
77",170,13 Seats available,WEST BENGAL
Kolkata to Digha,https://www.redbus.in/bus-tickets/kolkata-to-digha,SBSTC-KOLKATA - DIGHA - 06:30 (HWH DEPOT) - 613,Non AC Seater (2+3),06:30,04h 30m,11:00,"3.3
82",155,50 Seats available,WEST BENGAL
Kolkata to Digha,https://www.redbus.in/bus-tickets/kolkata-to-digha,SBSTC-GARIA - DIGHA - 06:30 (FALTA DEPOT) - 909,Non AC Seater (2+3),06:30,17h 30m,00:00,"4.1
20",162,48 Seats available,WEST BENGAL
Kolkata to Digha,https://www.redbus.in/bus-tickets/kolkata-to-digha,SBSTC-BELGHARIA - DIGHA - 06:30 (BEL DEPOT) - 900,Non AC Seater (2+3),06:30,04h 30m,11:00,"3.7
51",155,30 Seats available,WEST BENGAL
Kolkata to Digha,https://www.redbus.in/bus-tickets/kolkata-to-digha,SBSTC-BIRATI - DIGHA - 06:00 - 904,Non AC Seater (2+3),06:45,04h 30m,11:15,"4.7
6",154,40 Seats available,WEST BENGAL
Kolkata to Digha,https://www.redbus.in/bus-tickets/kolkata-to-digha,SBSTC-BARUIPUR - DIGHA - 06:15 (DIGHA DEPOT) - 549,Non AC Seater (2+3),06:50,17h 10m,00:00,"4.0
13",162,46 Seats available,WEST BENGAL
Kolkata to Digha,https://www.redbus.in/bus-tickets/kolkata-to-digha,SBSTC-KOLKATA - DIGHA - 07:00 (HWH DEPOT) - 614,Non AC Seater (2+3),07:00,04h 30m,11:30,"3.5
51",155,47 Seats available,WEST BENGAL
Kolkata to Digha,https://www.redbus.in/bus-tickets/kolkata-to-digha,SBSTC-KHARDAH - DIGHA - VIA - BELGHORIA - 06.30 - 901,Non AC Seater (2+3),07:00,04h 30m,11:30,"2.5
7",154,28 Seats available,WEST BENGAL
Kolkata to Digha,https://www.redbus.in/bus-tickets/kolkata-to-digha,SBSTC-KARUNAMOYEE - DIGHA - VIA DUNLOP - 07:15 (BEL) - 1445,Non AC Seater (2+3),07:15,05h 00m,12:15,"3.8
47",170,34 Seats available,WEST BENGAL
Kolkata to Digha,https://www.redbus.in/bus-tickets/kolkata-to-digha,Shyamoli Paribahan Pvt Ltd,VE A/C Seater (2+2),23:30,05h 00m,04:30,"4.6
333",446,34 Seats available,WEST BENGAL
Kolkata to Digha,https://www.redbus.in/bus-tickets/kolkata-to-digha,Express Line,Volvo 9600 Multi Axle Semi-Sleeper (2+2),07:30,04h 25m,11:55,"4.5
362",299,52 Seats available,WEST BENGAL
Kolkata to Digha,https://www.redbus.in/bus-tickets/kolkata-to-digha,Shyamoli Paribahan Pvt Ltd,VE A/C Seater (2+2),07:15,04h 45m,12:00,"4.4
301",463,12 Seats available,WEST BENGAL
Kolkata to Digha,https://www.redbus.in/bus-tickets/kolkata-to-digha,Shyamoli Paribahan Pvt Ltd,Volvo A/C Seater (2+2),08:15,04h 30m,12:45,"4.3
322",462,12 Seats available,WEST BENGAL
Kolkata to Digha,https://www.redbus.in/bus-tickets/kolkata-to-digha,Greenline,Volvo A/C Seater (2+2),06:45,05h 00m,11:45,"4.3
306",350,9 Seats available,WEST BENGAL
Barasat (West Bengal) to Contai (Kanthi),https://www.redbus.in/bus-tickets/barasat-west-bengal-to-contai-kanthi,WBTC (CTC) HABRA-DIGHA via Bally - 26|04:30,Non AC Seater (2+3),04:30,03h 05m,07:35,"4.5
12",131,32 Seats available,WEST BENGAL
Barasat (West Bengal) to Contai (Kanthi),https://www.redbus.in/bus-tickets/barasat-west-bengal-to-contai-kanthi,WBTC (CTC) HABRA-DIGHA via Bally - 26|05:00,Non AC Seater (2+3),05:00,03h 05m,08:05,"4.0
21",131,48 Seats available,WEST BENGAL
Barasat (West Bengal) to Contai (Kanthi),https://www.redbus.in/bus-tickets/barasat-west-bengal-to-contai-kanthi,WBTC (CTC) HABRA-DIGHA via Bally - 26|05:35,Non AC Seater (2+3),05:35,03h 05m,08:40,"2.7
36",131,46 Seats available,WEST BENGAL
Barasat (West Bengal) to Contai (Kanthi),https://www.redbus.in/bus-tickets/barasat-west-bengal-to-contai-kanthi,WBTC (CTC) HABRA-DIGHA via Bally - 26|06:00,Non AC Seater (2+3),06:00,03h 05m,09:05,"3.1
30",131,44 Seats available,WEST BENGAL
Barasat (West Bengal) to Contai (Kanthi),https://www.redbus.in/bus-tickets/barasat-west-bengal-to-contai-kanthi,WBTC (CTC) HABRA-DIGHA via Bally - 26|06:25,Non AC Seater (2+3),06:25,03h 00m,09:25,"2.8
18",131,34 Seats available,WEST BENGAL
Barasat (West Bengal) to Contai (Kanthi),https://www.redbus.in/bus-tickets/barasat-west-bengal-to-contai-kanthi,WBTC (CTC) BARASAT-DIGHA via Bally - 38|07:20,Non AC Seater (2+3),07:20,03h 10m,10:30,3.4,131,37 Seats available,WEST BENGAL
Barasat (West Bengal) to Contai (Kanthi),https://www.redbus.in/bus-tickets/barasat-west-bengal-to-contai-kanthi,WBTC (CTC) HABRA-DIGHA via Bally - 26|08:15,Non AC Seater (2+3),08:15,03h 00m,11:15,"3.5
24",131,40 Seats available,WEST BENGAL
Barasat (West Bengal) to Contai (Kanthi),https://www.redbus.in/bus-tickets/barasat-west-bengal-to-contai-kanthi,WBTC (CTC) HABRA-DIGHA via Bally - 26|14:00,Non AC Seater (2+3),14:00,03h 10m,17:10,"3.6
12",131,51 Seats available,WEST BENGAL
Barasat (West Bengal) to Contai (Kanthi),https://www.redbus.in/bus-tickets/barasat-west-bengal-to-contai-kanthi,WBTC (CTC) BARASAT-DIGHA via Bally - 38|15:00,Non AC Seater (2+3),15:00,02h 45m,17:45,"3.5
77",131,34 Seats available,WEST BENGAL
Barasat (West Bengal) to Contai (Kanthi),https://www.redbus.in/bus-tickets/barasat-west-bengal-to-contai-kanthi,City Express,AC Seater (2+3),05:35,03h 45m,09:20,3.4,356,26 Seats available,WEST BENGAL
Barasat (West Bengal) to Contai (Kanthi),https://www.redbus.in/bus-tickets/barasat-west-bengal-to-contai-kanthi,Snemita Parisheba,AC Seater (2+3),05:50,03h 40m,09:30,2.9,378,21 Seats available,WEST BENGAL
Barasat (West Bengal) to Contai (Kanthi),https://www.redbus.in/bus-tickets/barasat-west-bengal-to-contai-kanthi,Aradhana Bus Service,A/C Seater / Sleeper (2+2),02:00,04h 00m,06:00,2.4,580,35 Seats available,WEST BENGAL
Barasat (West Bengal) to Contai (Kanthi),https://www.redbus.in/bus-tickets/barasat-west-bengal-to-contai-kanthi,Aradhana Bus Service,A/C Seater / Sleeper (2+2),02:30,03h 30m,06:00,2.4,500,21 Seats available,WEST BENGAL
Barasat (West Bengal) to Contai (Kanthi),https://www.redbus.in/bus-tickets/barasat-west-bengal-to-contai-kanthi,Aradhana Bus Service,Non AC Seater (2+3),00:40,04h 20m,05:00,2.4,350,24 Seats available,WEST BENGAL
Barasat (West Bengal) to Midnapore,https://www.redbus.in/bus-tickets/barasat-west-bengal-to-midnapore,WBTC (CTC) Habra-Midnapur - 194|05:50,Non AC Seater (2+3),05:50,03h 10m,09:00,"3.7
8",120,43 Seats available,WEST BENGAL
Barasat (West Bengal) to Midnapore,https://www.redbus.in/bus-tickets/barasat-west-bengal-to-midnapore,WBTC (CTC) Habra-Midnapur - 194|06:25,Non AC Seater (2+3),06:25,03h 10m,09:35,"3.9
76",120,47 Seats available,WEST BENGAL
Barasat (West Bengal) to Midnapore,https://www.redbus.in/bus-tickets/barasat-west-bengal-to-midnapore,WBTC (CTC) Habra-Midnapur - 194|07:00,Non AC Seater (2+3),07:00,03h 15m,10:15,"4.2
174",120,37 Seats available,WEST BENGAL
Barasat (West Bengal) to Midnapore,https://www.redbus.in/bus-tickets/barasat-west-bengal-to-midnapore,WBTC (CTC) Barasat-Midnapur - 208|07:45,Non AC Seater (2+3),07:45,02h 15m,10:00,"3.4
11",120,33 Seats available,WEST BENGAL
Barasat (West Bengal) to Nandakumar (west bengal),https://www.redbus.in/bus-tickets/barasat-west-bengal-to-nandakumar,WBTC (CTC) HABRA-DIGHA via Bally - 26|04:30,Non AC Seater (2+3),04:30,02h 05m,06:35,"4.1
26",90,32 Seats available,WEST BENGAL
Barasat (West Bengal) to Nandakumar (west bengal),https://www.redbus.in/bus-tickets/barasat-west-bengal-to-nandakumar,WBTC (CTC) HABRA-DIGHA via Bally - 26|05:00,Non AC Seater (2+3),05:00,02h 05m,07:05,"3.3
23",90,48 Seats available,WEST BENGAL
Barasat (West Bengal) to Nandakumar (west bengal),https://www.redbus.in/bus-tickets/barasat-west-bengal-to-nandakumar,WBTC (CTC) HABRA-DIGHA via Bally - 26|05:35,Non AC Seater (2+3),05:35,02h 05m,07:40,"2.6
15",90,46 Seats available,WEST BENGAL
Barasat (West Bengal) to Nandakumar (west bengal),https://www.redbus.in/bus-tickets/barasat-west-bengal-to-nandakumar,WBTC (CTC) HABRA-DIGHA via Bally - 26|06:00,Non AC Seater (2+3),06:00,02h 05m,08:05,"2.5
16",90,44 Seats available,WEST BENGAL
Barasat (West Bengal) to Nandakumar (west bengal),https://www.redbus.in/bus-tickets/barasat-west-bengal-to-nandakumar,WBTC (CTC) HABRA-DIGHA via Bally - 26|06:25,Non AC Seater (2+3),06:25,02h 00m,08:25,"2.6
20",90,34 Seats available,WEST BENGAL
Barasat (West Bengal) to Nandakumar (west bengal),https://www.redbus.in/bus-tickets/barasat-west-bengal-to-nandakumar,WBTC (CTC) BARASAT-DIGHA via Bally - 38|07:20,Non AC Seater (2+3),07:20,02h 25m,09:45,3.5,90,37 Seats available,WEST BENGAL
Barasat (West Bengal) to Nandakumar (west bengal),https://www.redbus.in/bus-tickets/barasat-west-bengal-to-nandakumar,WBTC (CTC) HABRA-DIGHA via Bally - 26|08:15,Non AC Seater (2+3),08:15,02h 00m,10:15,"4.1
18",90,40 Seats available,WEST BENGAL
Barasat (West Bengal) to Nandakumar (west bengal),https://www.redbus.in/bus-tickets/barasat-west-bengal-to-nandakumar,WBTC (CTC) HABRA-DIGHA via Bally - 26|14:00,Non AC Seater (2+3),14:00,02h 10m,16:10,"4.7
8",90,51 Seats available,WEST BENGAL
Barasat (West Bengal) to Nandakumar (west bengal),https://www.redbus.in/bus-tickets/barasat-west-bengal-to-nandakumar,WBTC (CTC) BARASAT-DIGHA via Bally - 38|15:00,Non AC Seater (2+3),15:00,01h 45m,16:45,"3.8
64",90,34 Seats available,WEST BENGAL
Barasat (West Bengal) to Kolaghat,https://www.redbus.in/bus-tickets/barasat-west-bengal-to-kolaghat,WBTC (CTC) HABRA-DIGHA via Bally - 26|04:30,Non AC Seater (2+3),04:30,01h 35m,06:05,"4.7
9",69,34 Seats available,WEST BENGAL
Barasat (West Bengal) to Kolaghat,https://www.redbus.in/bus-tickets/barasat-west-bengal-to-kolaghat,WBTC (CTC) HABRA-DIGHA via Bally - 26|05:00,Non AC Seater (2+3),05:00,01h 35m,06:35,"2.7
15",69,48 Seats available,WEST BENGAL
Barasat (West Bengal) to Kolaghat,https://www.redbus.in/bus-tickets/barasat-west-bengal-to-kolaghat,WBTC (CTC) HABRA-DIGHA via Bally - 26|05:35,Non AC Seater (2+3),05:35,01h 35m,07:10,"2.6
40",69,47 Seats available,WEST BENGAL
Barasat (West Bengal) to Kolaghat,https://www.redbus.in/bus-tickets/barasat-west-bengal-to-kolaghat,WBTC (CTC) Habra-Midnapur - 194|05:50,Non AC Seater (2+3),05:50,01h 40m,07:30,3.4,69,43 Seats available,WEST BENGAL
Barasat (West Bengal) to Kolaghat,https://www.redbus.in/bus-tickets/barasat-west-bengal-to-kolaghat,WBTC (CTC) HABRA-DIGHA via Bally - 26|06:00,Non AC Seater (2+3),06:00,01h 35m,07:35,"2.4
25",69,44 Seats available,WEST BENGAL
Barasat (West Bengal) to Kolaghat,https://www.redbus.in/bus-tickets/barasat-west-bengal-to-kolaghat,WBTC (CTC) Habra-Midnapur - 194|06:25,Non AC Seater (2+3),06:25,01h 40m,08:05,3.4,69,49 Seats available,WEST BENGAL
Barasat (West Bengal) to Kolaghat,https://www.redbus.in/bus-tickets/barasat-west-bengal-to-kolaghat,WBTC (CTC) HABRA-DIGHA via Bally - 26|06:25,Non AC Seater (2+3),06:25,01h 30m,07:55,"3.8
9",69,34 Seats available,WEST BENGAL
Barasat (West Bengal) to Kolaghat,https://www.redbus.in/bus-tickets/barasat-west-bengal-to-kolaghat,WBTC (CTC) Habra-Midnapur - 194|07:00,Non AC Seater (2+3),07:00,01h 45m,08:45,"3.4
13",69,37 Seats available,WEST BENGAL
Barasat (West Bengal) to Kolaghat,https://www.redbus.in/bus-tickets/barasat-west-bengal-to-kolaghat,WBTC (CTC) BARASAT-DIGHA via Bally - 38|07:20,Non AC Seater (2+3),07:20,01h 55m,09:15,3.4,69,37 Seats available,WEST BENGAL
Barasat (West Bengal) to Kolaghat,https://www.redbus.in/bus-tickets/barasat-west-bengal-to-kolaghat,WBTC (CTC) Barasat-Midnapur - 208|07:45,Non AC Seater (2+3),07:45,01h 10m,08:55,3.4,69,35 Seats available,WEST BENGAL
Barasat (West Bengal) to Kolaghat,https://www.redbus.in/bus-tickets/barasat-west-bengal-to-kolaghat,WBTC (CTC) HABRA-DIGHA via Bally - 26|08:15,Non AC Seater (2+3),08:15,01h 30m,09:45,"3.1
13",69,40 Seats available,WEST BENGAL
Barasat (West Bengal) to Kolaghat,https://www.redbus.in/bus-tickets/barasat-west-bengal-to-kolaghat,WBTC (CTC) HABRA-DIGHA via Bally - 26|14:00,Non AC Seater (2+3),14:00,01h 40m,15:40,"3.1
13",69,51 Seats available,WEST BENGAL
Barasat (West Bengal) to Kolaghat,https://www.redbus.in/bus-tickets/barasat-west-bengal-to-kolaghat,WBTC (CTC) BARASAT-DIGHA via Bally - 38|15:00,Non AC Seater (2+3),15:00,01h 25m,16:25,"3.5
60",69,34 Seats available,WEST BENGAL
Kolkata to Suri,https://www.redbus.in/bus-tickets/kolkata-to-suri,SBSTC-KOLKATA - SURI - 06:00 - (Suri Depot) - 2405,Non AC Seater (2+3),06:00,05h 30m,11:30,"3.2
19",190,51 Seats available,WEST BENGAL
Kolkata to Suri,https://www.redbus.in/bus-tickets/kolkata-to-suri,SBSTC-KOLKATA - SURI - 07:15 - (Suri Depot) - 2624,Non AC Seater (2+3),07:15,05h 30m,12:45,"3.4
18",190,52 Seats available,WEST BENGAL
Kolkata to Suri,https://www.redbus.in/bus-tickets/kolkata-to-suri,SBSTC-KUDGHAT - RAMPURHAT - VIA - PANAGARH - 07:15 (RPH - 2742,Non AC Seater (2+3),08:30,05h 00m,13:30,"2.2
10",190,52 Seats available,WEST BENGAL
Kolkata to Suri,https://www.redbus.in/bus-tickets/kolkata-to-suri,SBSTC-KOLKATA - HARISHPUR - VIA - SURI - 09:30 (BEL DEPO - 1152,Non AC Seater (2+3),09:30,05h 00m,14:30,"1.8
7",190,52 Seats available,WEST BENGAL
Kolkata to Suri,https://www.redbus.in/bus-tickets/kolkata-to-suri,SBSTC-KOLKATA - SURI - 10:30 - (Suri Depot) - 1209,Non AC Seater (2+3),10:30,05h 00m,15:30,"3.2
17",190,52 Seats available,WEST BENGAL
Kolkata to Suri,https://www.redbus.in/bus-tickets/kolkata-to-suri,SBSTC-KOLKATA - SURI - 11:30 - (Suri Depot) - 2720,Non AC Seater (2+3),11:30,05h 30m,17:00,"2.7
8",190,52 Seats available,WEST BENGAL
Kolkata to Suri,https://www.redbus.in/bus-tickets/kolkata-to-suri,SBSTC-KARUNAMOYEE - SURI - 12:10 (Suri Depot) - 1366,Non AC Seater (2+3),12:10,05h 30m,17:40,"3.1
29",195,49 Seats available,WEST BENGAL
Kolkata to Suri,https://www.redbus.in/bus-tickets/kolkata-to-suri,SBSTC-KOLKATA - SURI - 13:30 (Suri Depot) - 2914,Non AC Seater (2+3),13:30,05h 30m,19:00,"3.4
25",190,52 Seats available,WEST BENGAL
Kolkata to Suri,https://www.redbus.in/bus-tickets/kolkata-to-suri,SBSTC-KOLKATA - SURI - 14:30 - VIA JOYDEB GHAT (Suri De - 652,Non AC Seater (2+3),14:30,05h 30m,20:00,"2.3
15",190,51 Seats available,WEST BENGAL
Kolkata to Suri,https://www.redbus.in/bus-tickets/kolkata-to-suri,SBSTC-KOLKATA - SURI - 15:30 - (Suri Depot) - 655,Non AC Seater (2+3),15:30,05h 30m,21:00,"3.3
16",190,51 Seats available,WEST BENGAL
Kolkata to Suri,https://www.redbus.in/bus-tickets/kolkata-to-suri,SBSTC-KOLKATA - SURI - 16: 30 - (Suri Depot) - 653,Non AC Seater (2+3),16:30,05h 30m,22:00,"3.1
10",190,51 Seats available,WEST BENGAL
Kolkata to Suri,https://www.redbus.in/bus-tickets/kolkata-to-suri,SBSTC-KOLKATA - SURI - 18:00 - (Suri Depot) - 1205,Non AC Seater (2+3),18:00,05h 00m,23:00,"3.9
19",190,52 Seats available,WEST BENGAL
Midnapore to Kolkata,https://www.redbus.in/bus-tickets/midnapore-to-kolkata,SBSTC-MIDNAPUR - KOLKATA - 04:40 (MID DEPOT) - 864,Non AC Seater (2+3),04:40,19h 20m,00:00,"4.5
67",110,42 Seats available,WEST BENGAL
Midnapore to Kolkata,https://www.redbus.in/bus-tickets/midnapore-to-kolkata,SBSTC-MIDNAPUR - KOLKATA - 05:10 (MID DEPOT) - 3210,Non AC Seater (2+3),05:10,18h 50m,00:00,"3.9
52",110,51 Seats available,WEST BENGAL
Midnapore to Kolkata,https://www.redbus.in/bus-tickets/midnapore-to-kolkata,SBSTC-MIDNAPUR - KOLKATA - 05:30 (MID DEPOT) - 1220,Non AC Seater (2+3),05:30,18h 30m,00:00,"4.2
87",110,51 Seats available,WEST BENGAL
Midnapore to Kolkata,https://www.redbus.in/bus-tickets/midnapore-to-kolkata,SBSTC-MIDNAPUR - KARUNAMOYEE - VIA - ECOPARK - 06:50 (MI - 4000,Express Non AC Seater 2+3,06:50,17h 10m,00:00,"4.2
25",130,29 Seats available,WEST BENGAL
Midnapore to Kolkata,https://www.redbus.in/bus-tickets/midnapore-to-kolkata,SBSTC-MIDNAPUR - KARUNAMOYEE - 07:15 (MID DEPOT) - 951,Non AC Seater (2+3),07:15,16h 45m,00:00,"4.0
85",118,38 Seats available,WEST BENGAL
Midnapore to Kolkata,https://www.redbus.in/bus-tickets/midnapore-to-kolkata,SBSTC-MIDNAPUR - KOLKATA - A/C - 07:30 (MIDNAPUR DEPOT) - 4018,AC Seater (2+2),07:30,16h 30m,00:00,"3.7
9",190,36 Seats available,WEST BENGAL
Midnapore to Kolkata,https://www.redbus.in/bus-tickets/midnapore-to-kolkata,SBSTC-MIDNAPUR - KOLKATA - 08:15 (MID DEPOT) - 866,Non AC Seater (2+3),08:15,15h 45m,00:00,"3.7
28",110,51 Seats available,WEST BENGAL
Midnapore to Kolkata,https://www.redbus.in/bus-tickets/midnapore-to-kolkata,SBSTC-JHARGRAM - KOLKATA - VIA - MIDNAPUR - 06:50 - 1660,Non AC Seater (2+3),08:40,15h 20m,00:00,"1.0
6",110,52 Seats available,WEST BENGAL
Midnapore to Kolkata,https://www.redbus.in/bus-tickets/midnapore-to-kolkata,SBSTC-MIDNAPUR - KOLKATA - 10:00 (MID DEPOT) - 3169,Non AC Seater (2+3),10:00,14h 00m,00:00,"3.5
13",110,50 Seats available,WEST BENGAL
Midnapore to Kolkata,https://www.redbus.in/bus-tickets/midnapore-to-kolkata,SBSTC-JHARGRAM - KOLKATA - VIA - MIDNAPUR - 09:00 - 1765,Non AC Seater (2+3),10:45,13h 15m,00:00,"4.6
11",110,51 Seats available,WEST BENGAL
Midnapore to Kolkata,https://www.redbus.in/bus-tickets/midnapore-to-kolkata,SBSTC-MIDNAPUR - KOLKATA - 11:30 (MID DEPOT) - 1321,Non AC Seater (2+3),11:30,12h 30m,00:00,"5.0
7",110,50 Seats available,WEST BENGAL
Midnapore to Kolkata,https://www.redbus.in/bus-tickets/midnapore-to-kolkata,SBSTC-JHARGRAM - GARIA - VIA - MIDNAPUR-KOLKATA - 10:45 - 3802,Non AC Seater (2+3),12:20,11h 40m,00:00,"3.8
5",110,51 Seats available,WEST BENGAL
Midnapore to Kolkata,https://www.redbus.in/bus-tickets/midnapore-to-kolkata,SBSTC-MIDNAPUR - KOLKATA - 13:30 (MID DEPOT) - 870,Non AC Seater (2+3),13:30,10h 30m,00:00,"3.8
23",110,41 Seats available,WEST BENGAL
Midnapore to Kolkata,https://www.redbus.in/bus-tickets/midnapore-to-kolkata,SBSTC-MIDNAPUR - HABRA - 14:00 (MID DEPOT) - 1397,Non AC Seater (2+3),14:00,10h 00m,00:00,"4.1
51",111,44 Seats available,WEST BENGAL
Midnapore to Kolkata,https://www.redbus.in/bus-tickets/midnapore-to-kolkata,SBSTC-MIDNAPUR - KOLKATA - 14:30 (MID DEPOT) - 871,Non AC Seater (2+3),14:30,09h 30m,00:00,"3.9
36",110,46 Seats available,WEST BENGAL
Midnapore to Kolkata,https://www.redbus.in/bus-tickets/midnapore-to-kolkata,Maa Bhabani Travels,Non AC Seater (2+3),07:05,03h 25m,10:30,New,130,52 Seats available,WEST BENGAL
Midnapore to Barasat (West Bengal),https://www.redbus.in/bus-tickets/midnapore-to-barasat-west-bengal,WBTC (CTC) Habra-Midnapur - 194|13:40,Non AC Seater (2+3),13:40,03h 15m,16:55,"5.0
6",120,41 Seats available,WEST BENGAL
Midnapore to Barasat (West Bengal),https://www.redbus.in/bus-tickets/midnapore-to-barasat-west-bengal,WBTC (CTC) Habra-Midnapur - 194|14:45,Non AC Seater (2+3),14:45,03h 10m,17:55,"4.7
14",120,46 Seats available,WEST BENGAL
Midnapore to Barasat (West Bengal),https://www.redbus.in/bus-tickets/midnapore-to-barasat-west-bengal,WBTC (CTC) Habra-Midnapur - 194|15:40,Non AC Seater (2+3),15:40,03h 15m,18:55,"3.9
83",120,37 Seats available,WEST BENGAL
Midnapore to Barasat (West Bengal),https://www.redbus.in/bus-tickets/midnapore-to-barasat-west-bengal,WBTC (CTC) Barasat-Midnapur - 208|16:50,Non AC Seater (2+3),16:50,02h 15m,19:05,4.0,120,39 Seats available,WEST BENGAL
Barasat (West Bengal) to Durgapur (West Bengal),https://www.redbus.in/bus-tickets/barasat-west-bengal-to-durgapur,SBSTC-BONGAON - ASANSOL - VIA - BARASAT - 05:00 (ASN DEP - 1515,Non AC Seater (2+3),07:00,04h 00m,11:00,"3.9
60",155,41 Seats available,WEST BENGAL
Barasat (West Bengal) to Durgapur (West Bengal),https://www.redbus.in/bus-tickets/barasat-west-bengal-to-durgapur,SBSTC-HABRA - DURGAPUR - VIA - BARASAT - 07:00 (DGP DEPO - 915,Non AC Seater (2+3),08:00,05h 00m,13:00,"4.0
41",155,40 Seats available,WEST BENGAL
Barasat (West Bengal) to Heria,https://www.redbus.in/bus-tickets/barasat-west-bengal-to-heria,WBTC (CTC) HABRA-DIGHA via Bally - 26|04:30,Non AC Seater (2+3),04:30,02h 35m,07:05,"4.3
30",112,34 Seats available,WEST BENGAL
Barasat (West Bengal) to Heria,https://www.redbus.in/bus-tickets/barasat-west-bengal-to-heria,WBTC (CTC) HABRA-DIGHA via Bally - 26|05:00,Non AC Seater (2+3),05:00,02h 35m,07:35,"3.6
12",112,48 Seats available,WEST BENGAL
Barasat (West Bengal) to Heria,https://www.redbus.in/bus-tickets/barasat-west-bengal-to-heria,WBTC (CTC) HABRA-DIGHA via Bally - 26|05:35,Non AC Seater (2+3),05:35,02h 35m,08:10,"3.5
24",112,47 Seats available,WEST BENGAL
Barasat (West Bengal) to Heria,https://www.redbus.in/bus-tickets/barasat-west-bengal-to-heria,WBTC (CTC) HABRA-DIGHA via Bally - 26|06:00,Non AC Seater (2+3),06:00,02h 35m,08:35,"3.2
10",112,44 Seats available,WEST BENGAL
Barasat (West Bengal) to Heria,https://www.redbus.in/bus-tickets/barasat-west-bengal-to-heria,WBTC (CTC) HABRA-DIGHA via Bally - 26|06:25,Non AC Seater (2+3),06:25,02h 30m,08:55,"3.7
15",112,35 Seats available,WEST BENGAL
Barasat (West Bengal) to Heria,https://www.redbus.in/bus-tickets/barasat-west-bengal-to-heria,WBTC (CTC) BARASAT-DIGHA via Bally - 38|07:20,Non AC Seater (2+3),07:20,02h 55m,10:15,3.8,112,37 Seats available,WEST BENGAL
Barasat (West Bengal) to Heria,https://www.redbus.in/bus-tickets/barasat-west-bengal-to-heria,WBTC (CTC) HABRA-DIGHA via Bally - 26|08:15,Non AC Seater (2+3),08:15,02h 30m,10:45,"3.6
18",112,40 Seats available,WEST BENGAL
Barasat (West Bengal) to Heria,https://www.redbus.in/bus-tickets/barasat-west-bengal-to-heria,WBTC (CTC) HABRA-DIGHA via Bally - 26|14:00,Non AC Seater (2+3),14:00,02h 40m,16:40,3.8,112,51 Seats available,WEST BENGAL
Barasat (West Bengal) to Heria,https://www.redbus.in/bus-tickets/barasat-west-bengal-to-heria,WBTC (CTC) BARASAT-DIGHA via Bally - 38|15:00,Non AC Seater (2+3),15:00,02h 15m,17:15,"3.6
36",112,35 Seats available,WEST BENGAL
Habra to Digha,https://www.redbus.in/bus-tickets/habra-to-digha,WBTC (CTC) HABRA-DIGHA via Bally - 26|03:45,Non AC Seater (2+3),03:45,04h 35m,08:20,"3.9
49",179,34 Seats available,WEST BENGAL
Habra to Digha,https://www.redbus.in/bus-tickets/habra-to-digha,WBTC (CTC) HABRA-DIGHA via Bally - 26|04:15,Non AC Seater (2+3),04:15,04h 35m,08:50,"3.8
58",179,48 Seats available,WEST BENGAL
Habra to Digha,https://www.redbus.in/bus-tickets/habra-to-digha,WBTC (CTC) HABRA-DIGHA via Bally - 26|04:30,Non AC Seater (2+3),04:30,04h 55m,09:25,"3.6
33",179,48 Seats available,WEST BENGAL
Habra to Digha,https://www.redbus.in/bus-tickets/habra-to-digha,WBTC (CTC) HABRA-DIGHA via Bally - 26|05:15,Non AC Seater (2+3),05:15,04h 35m,09:50,"2.7
34",179,43 Seats available,WEST BENGAL
Habra to Digha,https://www.redbus.in/bus-tickets/habra-to-digha,WBTC (CTC) HABRA-DIGHA via Bally - 26|05:35,Non AC Seater (2+3),05:35,04h 35m,10:10,"2.7
38",179,34 Seats available,WEST BENGAL
Habra to Digha,https://www.redbus.in/bus-tickets/habra-to-digha,WBTC (CTC) HABRA-DIGHA via Bally - 26|06:55,Non AC Seater (2+3),06:55,05h 05m,12:00,"3.0
14",179,40 Seats available,WEST BENGAL
Habra to Digha,https://www.redbus.in/bus-tickets/habra-to-digha,WBTC (CTC) HABRA-DIGHA via Bally - 26|12:45,Non AC Seater (2+3),12:45,05h 15m,18:00,3.6,179,51 Seats available,WEST BENGAL
Habra to Digha,https://www.redbus.in/bus-tickets/habra-to-digha,City Express,AC Seater (2+3),04:53,05h 27m,10:20,"3.3
20",356,26 Seats available,WEST BENGAL
Habra to Digha,https://www.redbus.in/bus-tickets/habra-to-digha,Snemita Paribahan,AC Seater (2+3),04:55,05h 25m,10:20,"3.8
23",370,16 Seats available,WEST BENGAL
Habra to Digha,https://www.redbus.in/bus-tickets/habra-to-digha,Satya Paribahan,A/C Executive (2+3),05:20,04h 40m,10:00,3.2,420,61 Seats available,WEST BENGAL
Habra to Digha,https://www.redbus.in/bus-tickets/habra-to-digha,Snemita Parisheba,AC Seater (2+3),05:10,05h 10m,10:20,2.9,378,21 Seats available,WEST BENGAL
Kolkata to Asansol (West Bengal),https://www.redbus.in/bus-tickets/kolkata-to-asansol,SBSTC-KOLKATA - PURULIA - VIA - ASN - 05:00 - (PRL DEPOT - 262,Non AC Seater (2+3),05:00,04h 30m,09:30,"2.1
13",180,52 Seats available,WEST BENGAL
Kolkata to Asansol (West Bengal),https://www.redbus.in/bus-tickets/kolkata-to-asansol,SBSTC-KARUNAMOYEE - ASANSOL - 05:15 (ASN DEPOT) - 481,Non AC Seater (2+3),05:15,05h 00m,10:15,"3.8
83",185,41 Seats available,WEST BENGAL
Kolkata to Asansol (West Bengal),https://www.redbus.in/bus-tickets/kolkata-to-asansol,SBSTC-KOLKATA - ASANSOL - 05:30 (HOWRAH DEPOT) - 776,Non AC Seater (2+3),05:30,04h 30m,10:00,"3.4
12",180,52 Seats available,WEST BENGAL
Kolkata to Asansol (West Bengal),https://www.redbus.in/bus-tickets/kolkata-to-asansol,SBSTC-KOLKATA - ASANSOL - L/S - 06:00 (HOWRAH DEPOT) - 264,Non AC Seater (2+3),06:00,04h 30m,10:30,"1.5
4",180,52 Seats available,WEST BENGAL
Kolkata to Asansol (West Bengal),https://www.redbus.in/bus-tickets/kolkata-to-asansol,SBSTC-KARUNAMOYEE - ASANSOL - 06:15 (BEL DEPOT) - 303,Non AC Seater (2+3),06:15,05h 00m,11:15,"4.2
48",185,26 Seats available,WEST BENGAL
Kolkata to Asansol (West Bengal),https://www.redbus.in/bus-tickets/kolkata-to-asansol,SBSTC-KOLKATA - ASANSOL - 06:15 (HOWRAH DEPOT) - 405,Non AC Seater (2+3),06:15,04h 30m,10:45,"3.0
13",180,52 Seats available,WEST BENGAL
Kolkata to Asansol (West Bengal),https://www.redbus.in/bus-tickets/kolkata-to-asansol,SBSTC-KARUNAMOYEE - ASANSOL - 06:25 (ASN DEPOT) - 1863,Non AC Seater (2+3),06:25,05h 00m,11:25,"4.1
26",185,51 Seats available,WEST BENGAL
Kolkata to Asansol (West Bengal),https://www.redbus.in/bus-tickets/kolkata-to-asansol,SBSTC-KOLKATA - PURULIA - VIA - ASN - 06:45 (PRL DEPOT) - 267,Non AC Seater (2+3),06:45,04h 30m,11:15,"3.7
5",180,49 Seats available,WEST BENGAL
Kolkata to Asansol (West Bengal),https://www.redbus.in/bus-tickets/kolkata-to-asansol,SBSTC-KARUNAMOYEE - JHALDA - VIA - ASANSOL - 07:00 - 1088,Non AC Seater (2+3),07:00,05h 10m,12:10,"3.8
48",185,35 Seats available,WEST BENGAL
Kolkata to Asansol (West Bengal),https://www.redbus.in/bus-tickets/kolkata-to-asansol,SBSTC-KOLKATA - ASANSOL - 07:00 (HOWRAH DEPOT) - 270,Non AC Seater (2+3),07:00,04h 30m,11:30,3.5,180,50 Seats available,WEST BENGAL
Kolkata to Asansol (West Bengal),https://www.redbus.in/bus-tickets/kolkata-to-asansol,SBSTC-KOLKATA - ASANSOL - A/C - 07:50 (HWH DEPOT) - 1182,AC Seater (2+2),07:50,04h 30m,12:20,"3.5
20",360,35 Seats available,WEST BENGAL
Kolkata to Asansol (West Bengal),https://www.redbus.in/bus-tickets/kolkata-to-asansol,SBSTC-KARUNAMOYEE - ASANSOL - VOLVO - 07:50 (BEL DEPOT) - 3957,Volvo AC Seater (2+2),07:50,05h 10m,13:00,"1.7
6",440,51 Seats available,WEST BENGAL
Kolkata to Asansol (West Bengal),https://www.redbus.in/bus-tickets/kolkata-to-asansol,SBSTC-KARUNAMOYEE - ASANSOL - 08:00 (BEL DEPOT) - 308,Non AC Seater (2+3),08:00,05h 00m,13:00,"3.5
62",185,33 Seats available,WEST BENGAL
Kolkata to Asansol (West Bengal),https://www.redbus.in/bus-tickets/kolkata-to-asansol,SBSTC-KOLKATA - ASANSOL - 08:15 (HOWRAH DEPOT) - 276,Non AC Seater (2+3),08:15,04h 30m,12:45,"4.2
14",180,52 Seats available,WEST BENGAL
Kolkata to Asansol (West Bengal),https://www.redbus.in/bus-tickets/kolkata-to-asansol,SBSTC-KARUNAMOYEE - ASANSOL - 08:30 (ASN DEPOT) - 848,Non AC Seater (2+3),08:30,05h 00m,13:30,"3.5
30",185,39 Seats available,WEST BENGAL
Kolkata to Asansol (West Bengal),https://www.redbus.in/bus-tickets/kolkata-to-asansol,Shyamoli Paribahan Pvt Ltd,Volvo A/C Seater (2+2),06:15,04h 15m,10:30,"4.4
272",524,22 Seats available,WEST BENGAL
Kolkata to Asansol (West Bengal),https://www.redbus.in/bus-tickets/kolkata-to-asansol,Shyamoli Paribahan Pvt Ltd,Volvo A/C Seater (2+2),06:15,04h 15m,10:30,4.3,524,22 Seats available,WEST BENGAL
Kolkata to Asansol (West Bengal),https://www.redbus.in/bus-tickets/kolkata-to-asansol,Express Line (Karunamoyee),Volvo 9600 A/C Seater (2+2),06:30,04h 30m,11:00,"4.7
157",524,34 Seats available,WEST BENGAL
Kolkata to Asansol (West Bengal),https://www.redbus.in/bus-tickets/kolkata-to-asansol,Shyamoli Paribahan Pvt Ltd,Volvo A/C Seater (2+2),06:30,04h 15m,10:45,"4.1
78",524,28 Seats available,WEST BENGAL
Kolkata to Asansol (West Bengal),https://www.redbus.in/bus-tickets/kolkata-to-asansol,Express Line (Karunamoyee),Volvo 9600 A/C Seater (2+2),06:31,04h 29m,11:00,"5.0
4",524,34 Seats available,WEST BENGAL
Digha to Habra,https://www.redbus.in/bus-tickets/digha-to-habra,WBTC (CTC) HABRA-DIGHA via Esplanade - 176|04:00,Non AC Seater (2+3),04:00,06h 50m,10:50,"3.4
16",179,49 Seats available,WEST BENGAL
Digha to Habra,https://www.redbus.in/bus-tickets/digha-to-habra,WBTC (CTC) HABRA-DIGHA via Bally - 26|10:00,Non AC Seater (2+3),10:00,05h 45m,15:45,"3.7
30",179,44 Seats available,WEST BENGAL
Digha to Habra,https://www.redbus.in/bus-tickets/digha-to-habra,WBTC (CTC) HABRA-DIGHA via Bally - 26|10:40,Non AC Seater (2+3),10:40,05h 45m,16:25,"3.6
39",179,48 Seats available,WEST BENGAL
Digha to Habra,https://www.redbus.in/bus-tickets/digha-to-habra,WBTC (CTC) HABRA-DIGHA via Bally - 26|11:30,Non AC Seater (2+3),11:30,05h 45m,17:15,"3.0
28",179,46 Seats available,WEST BENGAL
Digha to Habra,https://www.redbus.in/bus-tickets/digha-to-habra,WBTC (CTC) HABRA - DIGHA (AC-VOLVO) - 89|12:30,Volvo AC Seater (2+2),12:30,04h 45m,17:15,"3.3
64",460,37 Seats available,WEST BENGAL
Digha to Habra,https://www.redbus.in/bus-tickets/digha-to-habra,WBTC (CTC) HABRA-DIGHA via Bally - 26|12:50,Non AC Seater (2+3),12:50,05h 45m,18:35,"4.0
18",179,48 Seats available,WEST BENGAL
Digha to Habra,https://www.redbus.in/bus-tickets/digha-to-habra,WBTC (CTC) HABRA-DIGHA via Bally - 26|13:25,Non AC Seater (2+3),13:25,05h 45m,19:10,"3.3
6",179,46 Seats available,WEST BENGAL
Digha to Habra,https://www.redbus.in/bus-tickets/digha-to-habra,WBTC (CTC) HABRA-DIGHA via Bally - 26|14:50,Non AC Seater (2+3),14:50,05h 45m,20:35,"2.9
29",179,39 Seats available,WEST BENGAL
Digha to Habra,https://www.redbus.in/bus-tickets/digha-to-habra,Snemita Parisheba(Santosh),AC Seater (2+3),11:30,05h 40m,17:10,"3.4
55",333,27 Seats available,WEST BENGAL
Digha to Habra,https://www.redbus.in/bus-tickets/digha-to-habra,City Express,AC Seater (2+3),11:35,06h 10m,17:45,"3.6
9",370,23 Seats available,WEST BENGAL
Digha to Habra,https://www.redbus.in/bus-tickets/digha-to-habra,Satya Paribahan,A/C Executive (2+3),11:50,06h 10m,18:00,"4.6
5",380,10 Seats available,WEST BENGAL
Digha to Habra,https://www.redbus.in/bus-tickets/digha-to-habra,Snemita Paribahan,AC Seater (2+3),11:35,06h 20m,17:55,"2.9
7",356,5 Seats available,WEST BENGAL
Digha to Habra,https://www.redbus.in/bus-tickets/digha-to-habra,Ankita Paribahan,Non AC Seater (2+3),11:50,06h 10m,18:00,2.7,315,31 Seats available,WEST BENGAL
Haldia to Kolkata,https://www.redbus.in/bus-tickets/haldia-to-kolkata,SBSTC-HALDIA - CHITTARANJAN - VIA - KOLKATA - 05:00 - 278,Non AC Seater (2+3),05:00,03h 45m,08:45,"4.2
92",110,30 Seats available,WEST BENGAL
Haldia to Kolkata,https://www.redbus.in/bus-tickets/haldia-to-kolkata,SBSTC-HALDIA - KOLKATA - ALL STOP - 05:30 (HALDIA DEPOT) - 626,Non AC Seater (2+3),05:30,03h 00m,08:30,"4.0
174",110,32 Seats available,WEST BENGAL
Haldia to Kolkata,https://www.redbus.in/bus-tickets/haldia-to-kolkata,SBSTC-HALDIA - KOLKATA - 06:20 (Haldia Depot) - 1028,Non AC Seater (2+3),06:20,03h 00m,09:20,"3.8
36",110,45 Seats available,WEST BENGAL
Haldia to Kolkata,https://www.redbus.in/bus-tickets/haldia-to-kolkata,SBSTC-HALDIA - KOLKATA - 06:40 (Haldia Depot) - 697,Non AC Seater (2+3),06:40,03h 00m,09:40,"4.2
106",110,44 Seats available,WEST BENGAL
Haldia to Kolkata,https://www.redbus.in/bus-tickets/haldia-to-kolkata,SBSTC-HALDIA - KOLKATA - NON STOP - 07:15 (Haldia Depot) - 627,Non AC Seater (2+3),07:15,03h 00m,10:15,"4.1
99",135,44 Seats available,WEST BENGAL
Haldia to Kolkata,https://www.redbus.in/bus-tickets/haldia-to-kolkata,SBSTC-HALDIA - KOLKATA - 07:40 (HALDIA DEPOT) - 634,Non AC Seater (2+3),07:40,03h 00m,10:40,3.9,110,49 Seats available,WEST BENGAL
Haldia to Kolkata,https://www.redbus.in/bus-tickets/haldia-to-kolkata,SBSTC-HALDIA - KOLKATA - 08.00 (HALDIA DEPOT) - 632,Non AC Seater (2+3),08:00,03h 00m,11:00,"3.9
67",110,51 Seats available,WEST BENGAL
Haldia to Kolkata,https://www.redbus.in/bus-tickets/haldia-to-kolkata,SBSTC-HALDIA - KOLKATA - A/C - 08:30 (Haldia Depot) - 1014,AC Seater (2+2),08:30,03h 00m,11:30,"4.2
92",210,33 Seats available,WEST BENGAL
Haldia to Kolkata,https://www.redbus.in/bus-tickets/haldia-to-kolkata,SBSTC-HALDIA - KOLKATA - 09:00 (Haldia Depot) - 1329,Non AC Seater (2+3),09:00,03h 00m,12:00,"3.8
50",110,44 Seats available,WEST BENGAL
Haldia to Kolkata,https://www.redbus.in/bus-tickets/haldia-to-kolkata,SBSTC-HALDIA - ASANSOL - VIA - KOLKATA - 09:30 (HLD DEPO - 1763,Non AC Seater (2+3),09:30,04h 15m,13:45,"3.7
14",110,47 Seats available,WEST BENGAL
Haldia to Kolkata,https://www.redbus.in/bus-tickets/haldia-to-kolkata,SBSTC-HALDIA - KOLKATA - ALL STOP - 10:00 (BEL DEPOT) - 633,Non AC Seater (2+3),10:00,03h 00m,13:00,"3.0
62",110,45 Seats available,WEST BENGAL
Haldia to Kolkata,https://www.redbus.in/bus-tickets/haldia-to-kolkata,SBSTC-HALDIA - KOLKATA - 11:00 (Haldia Depot) - 1331,Non AC Seater (2+3),11:00,03h 00m,14:00,"3.0
35",110,52 Seats available,WEST BENGAL
Haldia to Kolkata,https://www.redbus.in/bus-tickets/haldia-to-kolkata,SBSTC-HALDIA - KOLKATA - 12:00 (Belgharia Depot) - 3630,Non AC Seater (2+3),12:00,03h 00m,15:00,"3.0
40",110,50 Seats available,WEST BENGAL
Haldia to Kolkata,https://www.redbus.in/bus-tickets/haldia-to-kolkata,SBSTC-HALDIA - KOLKATA - 12:20 (HWH DEPOT) - 1092,Non AC Seater (2+3),12:20,03h 00m,15:20,"3.4
38",110,49 Seats available,WEST BENGAL
Haldia to Kolkata,https://www.redbus.in/bus-tickets/haldia-to-kolkata,SBSTC-HALDIA - KOLKATA - 13:00 (Haldia Depot) - 635,Non AC Seater (2+3),13:00,03h 00m,16:00,"3.8
29",110,50 Seats available,WEST BENGAL
Haldia to Kolkata,https://www.redbus.in/bus-tickets/haldia-to-kolkata,Satadal Travels,A/C Seater (2+2),05:55,03h 35m,09:30,"3.9
155",149,31 Seats available,WEST BENGAL
Haldia to Kolkata,https://www.redbus.in/bus-tickets/haldia-to-kolkata,Satadal Travels,A/C Seater (2+2),05:55,03h 34m,09:29,"5.0
4",165,31 Seats available,WEST BENGAL
Haldia to Kolkata,https://www.redbus.in/bus-tickets/haldia-to-kolkata,Diamond City Service,A/C Executive (2+3),06:30,03h 45m,10:15,"4.5
541",170,26 Seats available,WEST BENGAL
Haldia to Kolkata,https://www.redbus.in/bus-tickets/haldia-to-kolkata,Gogol City Service,AC Seater (2+3),07:50,02h 55m,10:45,"4.2
231",149,42 Seats available,WEST BENGAL
Haldia to Kolkata,https://www.redbus.in/bus-tickets/haldia-to-kolkata,KRISHNAKALI,A/C Seater (2+3),06:25,02h 50m,09:15,"2.2
27",169,61 Seats available,WEST BENGAL
Barasat (West Bengal) to Burdwan,https://www.redbus.in/bus-tickets/barasat-west-bengal-to-burdwan,WBTC (CTC) Habra - Barasat - Durgapur - Asansol - 100|06:00,Non AC Seater (2+3),06:00,02h 00m,08:00,"4.7
29",93,24 Seats available,WEST BENGAL
Barasat (West Bengal) to Burdwan,https://www.redbus.in/bus-tickets/barasat-west-bengal-to-burdwan,WBTC (CTC) Barasat-Bolpur-Suri (AC VOLVO) - 212|06:15,Volvo AC Seater (2+2),06:15,01h 40m,07:55,4.8,200,37 Seats available,WEST BENGAL
Barasat (West Bengal) to Burdwan,https://www.redbus.in/bus-tickets/barasat-west-bengal-to-burdwan,WBTC (CTC) BARASAT -DURGAPUR - ASANSOL (AC-VOLVO) - 95|07:30,Volvo AC Seater (2+2),07:30,02h 15m,09:45,"4.9
39",210,27 Seats available,WEST BENGAL
Kolkata to Burdwan,https://www.redbus.in/bus-tickets/kolkata-to-burdwan,SBSTC-KOLKATA - NAGAR - 05:45 (HOWRAH DEPOT) - 810,Non AC Seater (2+3),05:45,02h 00m,07:45,3.7,95,51 Seats available,WEST BENGAL
Kolkata to Burdwan,https://www.redbus.in/bus-tickets/kolkata-to-burdwan,SBSTC-KOLKATA - ASANSOL - L/S - 06:00 (HOWRAH DEPOT) - 264,Non AC Seater (2+3),06:00,02h 00m,08:00,"3.4
11",95,52 Seats available,WEST BENGAL
Kolkata to Burdwan,https://www.redbus.in/bus-tickets/kolkata-to-burdwan,SBSTC-KARUNAMOYEE - BURDWAN - 06:30 (BWN DEPOT) - 104,Non AC Seater (2+3),06:30,02h 00m,08:30,"3.8
201",100,35 Seats available,WEST BENGAL
Kolkata to Burdwan,https://www.redbus.in/bus-tickets/kolkata-to-burdwan,SBSTC-KARUNAMOYEE - BURDWAN - 07:15 (BWN DEPOT) - 105,Non AC Seater (2+3),07:15,02h 00m,09:15,"4.2
180",100,38 Seats available,WEST BENGAL
Kolkata to Burdwan,https://www.redbus.in/bus-tickets/kolkata-to-burdwan,SBSTC-KOLKATA - LABPUR - VIA KIRNAHAR - 07:25 (HWH DEPOT - 1118,Non AC Seater (2+3),07:25,02h 00m,09:25,"3.9
19",95,33 Seats available,WEST BENGAL
Kolkata to Burdwan,https://www.redbus.in/bus-tickets/kolkata-to-burdwan,SBSTC-KARUNAMOYEE - BURDWAN - 07:45 (BWN DEPOT) - 456,Non AC Seater (2+3),07:45,16h 15m,00:00,"4.4
158",100,37 Seats available,WEST BENGAL
Kolkata to Burdwan,https://www.redbus.in/bus-tickets/kolkata-to-burdwan,SBSTC-KARUNAMOYEE - ASANSOL - VOLVO - 07:50 (BEL DEPOT) - 3957,Volvo AC Seater (2+2),07:50,02h 00m,09:50,"4.7
9",210,51 Seats available,WEST BENGAL
Kolkata to Burdwan,https://www.redbus.in/bus-tickets/kolkata-to-burdwan,SBSTC-KOLKATA - BURDWAN - 08:15 (BWN DEPOT) - 64,Non AC Seater (2+3),08:15,02h 00m,10:15,"3.6
43",95,49 Seats available,WEST BENGAL
Kolkata to Burdwan,https://www.redbus.in/bus-tickets/kolkata-to-burdwan,SBSTC-KARUNAMOYEE - BURDWAN - 08:30 (BWN DEPOT) - 106,Non AC Seater (2+3),08:30,02h 00m,10:30,"3.6
107",100,47 Seats available,WEST BENGAL
Kolkata to Burdwan,https://www.redbus.in/bus-tickets/kolkata-to-burdwan,SBSTC-KUDGHAT - RAMPURHAT - VIA - PANAGARH - 07:15 (RPH - 2742,Non AC Seater (2+3),08:30,02h 00m,10:30,3.7,95,52 Seats available,WEST BENGAL
Kolkata to Burdwan,https://www.redbus.in/bus-tickets/kolkata-to-burdwan,SBSTC-KOLKATA - BURDWAN - 08:45 (BWN DEPOT) - 66,Non AC Seater (2+3),08:45,02h 00m,10:45,"3.8
45",95,52 Seats available,WEST BENGAL
Kolkata to Burdwan,https://www.redbus.in/bus-tickets/kolkata-to-burdwan,SBSTC-KARUNAMOYEE - BURDWAN - 09:00 (BWN DEPOT) - 107,Non AC Seater (2+3),09:00,02h 00m,11:00,"3.4
112",100,39 Seats available,WEST BENGAL
Kolkata to Burdwan,https://www.redbus.in/bus-tickets/kolkata-to-burdwan,SBSTC-KOLKATA - BURDWAN - 09:10 (BWN DEPOT) - 67,Non AC Seater (2+3),09:10,02h 00m,11:10,"3.5
19",95,50 Seats available,WEST BENGAL
Kolkata to Burdwan,https://www.redbus.in/bus-tickets/kolkata-to-burdwan,SBSTC-KOLKATA - HARISHPUR - VIA - SURI - 09:30 (BEL DEPO - 1152,Non AC Seater (2+3),09:30,02h 15m,11:45,3.7,95,51 Seats available,WEST BENGAL
Kolkata to Burdwan,https://www.redbus.in/bus-tickets/kolkata-to-burdwan,SBSTC-KOLKATA - TARAPITH - VIA - FUTISANKO - 09:30 (FALT - 2889,Non AC Seater (2+3),09:30,02h 00m,11:30,3.7,95,52 Seats available,WEST BENGAL
Kolkata to Burdwan,https://www.redbus.in/bus-tickets/kolkata-to-burdwan,Shyamoli Paribahan Pvt Ltd,Volvo A/C Seater (2+2),06:15,02h 00m,08:15,4.3,429,27 Seats available,WEST BENGAL
Kolkata to Burdwan,https://www.redbus.in/bus-tickets/kolkata-to-burdwan,Shyamoli Paribahan Pvt Ltd,Volvo A/C Seater (2+2),06:15,02h 00m,08:15,"4.4
71",429,26 Seats available,WEST BENGAL
Kolkata to Burdwan,https://www.redbus.in/bus-tickets/kolkata-to-burdwan,Express Line (Karunamoyee),Volvo 9600 A/C Seater (2+2),06:30,02h 00m,08:30,"4.8
73",429,37 Seats available,WEST BENGAL
Kolkata to Burdwan,https://www.redbus.in/bus-tickets/kolkata-to-burdwan,Express Line (Karunamoyee),Volvo 9600 A/C Seater (2+2),06:31,01h 59m,08:30,4.5,429,46 Seats available,WEST BENGAL
Kolkata to Burdwan,https://www.redbus.in/bus-tickets/kolkata-to-burdwan,SHYAMOLI Pvt. Ltd.(Karunamoyee),Volvo A/C Seater (2+2),07:00,02h 15m,09:15,"4.7
125",429,33 Seats available,WEST BENGAL
Habra to Nandakumar (west bengal),https://www.redbus.in/bus-tickets/habra-to-nandakumar,WBTC (CTC) HABRA-DIGHA via Bally - 26|03:45,Non AC Seater (2+3),03:45,02h 50m,06:35,"2.9
4",108,34 Seats available,WEST BENGAL
Habra to Nandakumar (west bengal),https://www.redbus.in/bus-tickets/habra-to-nandakumar,WBTC (CTC) HABRA-DIGHA via Bally - 26|04:15,Non AC Seater (2+3),04:15,02h 50m,07:05,"4.6
4",108,48 Seats available,WEST BENGAL
Habra to Nandakumar (west bengal),https://www.redbus.in/bus-tickets/habra-to-nandakumar,WBTC (CTC) HABRA-DIGHA via Bally - 26|04:30,Non AC Seater (2+3),04:30,03h 10m,07:40,3.7,108,47 Seats available,WEST BENGAL
Habra to Nandakumar (west bengal),https://www.redbus.in/bus-tickets/habra-to-nandakumar,WBTC (CTC) HABRA-DIGHA via Bally - 26|05:15,Non AC Seater (2+3),05:15,02h 50m,08:05,"3.0
12",108,44 Seats available,WEST BENGAL
Habra to Nandakumar (west bengal),https://www.redbus.in/bus-tickets/habra-to-nandakumar,WBTC (CTC) HABRA-DIGHA via Bally - 26|05:35,Non AC Seater (2+3),05:35,02h 50m,08:25,"2.8
4",108,35 Seats available,WEST BENGAL
Habra to Nandakumar (west bengal),https://www.redbus.in/bus-tickets/habra-to-nandakumar,WBTC (CTC) HABRA-DIGHA via Bally - 26|06:55,Non AC Seater (2+3),06:55,03h 20m,10:15,"3.3
4",108,40 Seats available,WEST BENGAL
Habra to Nandakumar (west bengal),https://www.redbus.in/bus-tickets/habra-to-nandakumar,WBTC (CTC) HABRA-DIGHA via Bally - 26|12:45,Non AC Seater (2+3),12:45,03h 25m,16:10,3.7,108,51 Seats available,WEST BENGAL
Durgapur (West Bengal) to Purulia,https://www.redbus.in/bus-tickets/durgapur-to-purulia,SBSTC-KOLKATA - PURULIA - VIA - ASN - 05:00 - (PRL DEPOT - 262,Non AC Seater (2+3),08:15,15h 45m,00:00,"3.2
7",112,52 Seats available,WEST BENGAL
Durgapur (West Bengal) to Purulia,https://www.redbus.in/bus-tickets/durgapur-to-purulia,SBSTC-KOLKATA - PURULIA - VIA - ASN - 06:45 (PRL DEPOT) - 267,Non AC Seater (2+3),09:50,14h 10m,00:00,3.6,112,49 Seats available,WEST BENGAL
Durgapur (West Bengal) to Purulia,https://www.redbus.in/bus-tickets/durgapur-to-purulia,SBSTC-KARUNAMOYEE - JHALDA - VIA - ASANSOL - 07:00 - 1088,Non AC Seater (2+3),10:50,03h 55m,14:45,3.6,112,46 Seats available,WEST BENGAL
Durgapur (West Bengal) to Purulia,https://www.redbus.in/bus-tickets/durgapur-to-purulia,SBSTC-KOLKATA - BAGMUNDI - 08:30 (BEL DEPOT) - 480,Non AC Seater (2+3),12:15,04h 45m,17:00,3.6,117,48 Seats available,WEST BENGAL
Durgapur (West Bengal) to Purulia,https://www.redbus.in/bus-tickets/durgapur-to-purulia,SBSTC-BERHAMPUR - PURULIA - VIA - BANKURA - 08:50 (PRL D - 1087,Non AC Seater (2+3),14:15,09h 45m,00:00,3.6,112,52 Seats available,WEST BENGAL
Durgapur (West Bengal) to Purulia,https://www.redbus.in/bus-tickets/durgapur-to-purulia,SBSTC-KOLKATA - PURULIA - VIA - BANKURA - 13:00 (PRL DEP - 290,Non AC Seater (2+3),16:00,08h 00m,00:00,"4.5
8",117,49 Seats available,WEST BENGAL
Durgapur (West Bengal) to Purulia,https://www.redbus.in/bus-tickets/durgapur-to-purulia,SBSTC-KOLKATA - PURULIA - VIA - ASN - 14:15 (PRL DEPOT) - 292,Non AC Seater (2+3),17:15,06h 45m,00:00,3.6,112,51 Seats available,WEST BENGAL
Durgapur (West Bengal) to Purulia,https://www.redbus.in/bus-tickets/durgapur-to-purulia,WBTC (CTC) KOLKATA - ASANSOL - PURULIA (AC VOLVO) Banglashree Express - 133|17:00,Volvo AC Seater (2+2),17:00,02h 55m,19:55,"3.7
112",240,34 Seats available,WEST BENGAL
Barasat (West Bengal) to Debra,https://www.redbus.in/bus-tickets/barasat-west-bengal-to-debra,WBTC (CTC) Habra-Midnapur - 194|05:50,Non AC Seater (2+3),05:50,02h 25m,08:15,4.5,98,43 Seats available,WEST BENGAL
Barasat (West Bengal) to Debra,https://www.redbus.in/bus-tickets/barasat-west-bengal-to-debra,WBTC (CTC) Habra-Midnapur - 194|06:25,Non AC Seater (2+3),06:25,02h 25m,08:50,"4.4
25",98,47 Seats available,WEST BENGAL
Barasat (West Bengal) to Debra,https://www.redbus.in/bus-tickets/barasat-west-bengal-to-debra,WBTC (CTC) Habra-Midnapur - 194|07:00,Non AC Seater (2+3),07:00,02h 30m,09:30,"4.5
27",98,37 Seats available,WEST BENGAL
Barasat (West Bengal) to Debra,https://www.redbus.in/bus-tickets/barasat-west-bengal-to-debra,WBTC (CTC) Barasat-Midnapur - 208|07:45,Non AC Seater (2+3),07:45,01h 40m,09:25,4.5,98,34 Seats available,WEST BENGAL
Habra to Midnapore,https://www.redbus.in/bus-tickets/habra-to-midnapore,WBTC (CTC) Habra-Midnapur - 194|04:55,Non AC Seater (2+3),04:55,04h 05m,09:00,4.0,138,43 Seats available,WEST BENGAL
Habra to Midnapore,https://www.redbus.in/bus-tickets/habra-to-midnapore,WBTC (CTC) Habra-Midnapur - 194|05:25,Non AC Seater (2+3),05:25,04h 10m,09:35,"2.9
15",138,47 Seats available,WEST BENGAL
Habra to Midnapore,https://www.redbus.in/bus-tickets/habra-to-midnapore,WBTC (CTC) Habra-Midnapur - 194|05:55,Non AC Seater (2+3),05:55,04h 20m,10:15,"4.5
29",138,37 Seats available,WEST BENGAL
Habra to Midnapore,https://www.redbus.in/bus-tickets/habra-to-midnapore,SBSTC-HABRA - MIDNAPUR - 06:20 (MID DEPOT) - 1398,Non AC Seater (2+3),06:20,05h 40m,12:00,"4.0
24",143,43 Seats available,WEST BENGAL
Durgapur (West Bengal) to Barasat (West Bengal),https://www.redbus.in/bus-tickets/durgapur-to-barasat-west-bengal,SBSTC-ASANSOL - BONGAON - VIA - HABRA - 09:25 (ASN DEPOT - 1350,Non AC Seater (2+3),10:35,03h 30m,14:05,"3.1
61",155,30 Seats available,WEST BENGAL
Durgapur (West Bengal) to Barasat (West Bengal),https://www.redbus.in/bus-tickets/durgapur-to-barasat-west-bengal,SBSTC-DURGAPUR - HABRA - VIA - DUNLOP - 14:05 (DGP DEPOT - 243,Non AC Seater (2+3),14:05,03h 30m,17:35,"3.8
62",155,42 Seats available,WEST BENGAL
Durgapur (West Bengal) to Barasat (West Bengal),https://www.redbus.in/bus-tickets/durgapur-to-barasat-west-bengal,WBTC (CTC) Habra - Barasat - Durgapur - Asansol - 100|14:25,Non AC Seater (2+3),14:25,03h 00m,17:25,"3.9
59",147,29 Seats available,WEST BENGAL
Habra to Durgapur (West Bengal),https://www.redbus.in/bus-tickets/habra-to-durgapur,SBSTC-BONGAON - ASANSOL - VIA - BARASAT - 05:00 (ASN DEP - 1515,Non AC Seater (2+3),06:00,05h 00m,11:00,"3.4
20",180,41 Seats available,WEST BENGAL
Habra to Durgapur (West Bengal),https://www.redbus.in/bus-tickets/habra-to-durgapur,SBSTC-HABRA - DURGAPUR - VIA - BARASAT - 07:00 (DGP DEPO - 915,Non AC Seater (2+3),07:00,05h 00m,12:00,"4.0
58",180,34 Seats available,WEST BENGAL
Habra to Durgapur (West Bengal),https://www.redbus.in/bus-tickets/habra-to-durgapur,WBTC (CTC) Habra - Barasat - Durgapur - Asansol - 100|05:05,Non AC Seater (2+3),05:05,03h 55m,09:00,"3.6
40",165,26 Seats available,WEST BENGAL
Kolkata to Purulia,https://www.redbus.in/bus-tickets/kolkata-to-purulia,SBSTC-KOLKATA - PURULIA - VIA - ASN - 05:00 - (PRL DEPOT - 262,Non AC Seater (2+3),05:00,06h 30m,11:30,"1.9
18",250,52 Seats available,WEST BENGAL
Kolkata to Purulia,https://www.redbus.in/bus-tickets/kolkata-to-purulia,SBSTC-KOLKATA - PURULIA - VIA - ASN - 06:45 (PRL DEPOT) - 267,Non AC Seater (2+3),06:45,06h 30m,13:15,"3.1
13",250,47 Seats available,WEST BENGAL
Kolkata to Purulia,https://www.redbus.in/bus-tickets/kolkata-to-purulia,SBSTC-KARUNAMOYEE - JHALDA - VIA - ASANSOL - 07:00 - 1088,Non AC Seater (2+3),07:00,07h 45m,14:45,"4.6
14",250,33 Seats available,WEST BENGAL
Kolkata to Purulia,https://www.redbus.in/bus-tickets/kolkata-to-purulia,SBSTC-KOLKATA - BAGMUNDI - 08:30 (BEL DEPOT) - 480,Non AC Seater (2+3),08:30,08h 30m,17:00,"4.0
10",250,48 Seats available,WEST BENGAL
Kolkata to Purulia,https://www.redbus.in/bus-tickets/kolkata-to-purulia,SBSTC-KOLKATA - PURULIA - VIA - ASN - 11:00 (HWH DEPOT) - 2681,Non AC Seater (2+3),11:00,06h 30m,17:30,"1.8
14",250,49 Seats available,WEST BENGAL
Kolkata to Purulia,https://www.redbus.in/bus-tickets/kolkata-to-purulia,SBSTC-KOLKATA - PURULIA - VIA - BANKURA - 12:00 (HWH DEP - 401,Non AC Seater (2+3),12:00,06h 30m,18:30,"3.1
17",250,43 Seats available,WEST BENGAL
Kolkata to Purulia,https://www.redbus.in/bus-tickets/kolkata-to-purulia,SBSTC-KOLKATA - PURULIA - VIA - BANKURA - 13:00 (PRL DEP - 290,Non AC Seater (2+3),13:00,06h 30m,19:30,"2.5
33",250,49 Seats available,WEST BENGAL
Kolkata to Purulia,https://www.redbus.in/bus-tickets/kolkata-to-purulia,SBSTC-KOLKATA - PURULIA - VIA - ASN - 14:15 (PRL DEPOT) - 292,Non AC Seater (2+3),14:15,06h 30m,20:45,"3.7
10",250,51 Seats available,WEST BENGAL
Kolkata to Purulia,https://www.redbus.in/bus-tickets/kolkata-to-purulia,WBTC (CTC) KOLKATA - ASANSOL - PURULIA (AC VOLVO) Banglashree Express - 133|13:45,Volvo AC Seater (2+2),13:45,06h 10m,19:55,"3.8
118",595,26 Seats available,WEST BENGAL
Barasat (West Bengal) to Asansol (West Bengal),https://www.redbus.in/bus-tickets/barasat-west-bengal-to-asansol,WBTC (CTC) Habra - Barasat - Durgapur - Asansol - 100|06:00,Non AC Seater (2+3),06:00,04h 00m,10:00,"4.2
48",177,26 Seats available,WEST BENGAL
Barasat (West Bengal) to Asansol (West Bengal),https://www.redbus.in/bus-tickets/barasat-west-bengal-to-asansol,WBTC (CTC) BARASAT -DURGAPUR - ASANSOL (AC-VOLVO) - 95|07:30,Volvo AC Seater (2+2),07:30,04h 15m,11:45,"3.0
34",430,27 Seats available,WEST BENGAL
Barasat (West Bengal) to Asansol (West Bengal),https://www.redbus.in/bus-tickets/barasat-west-bengal-to-asansol,SBSTC-BONGAON - ASANSOL - VIA - BARASAT - 05:00 (ASN DEP - 1515,Non AC Seater (2+3),07:00,04h 40m,11:40,"3.5
21",185,50 Seats available,WEST BENGAL
Habra to Kolaghat,https://www.redbus.in/bus-tickets/habra-to-kolaghat,WBTC (CTC) HABRA-DIGHA via Bally - 26|03:45,Non AC Seater (2+3),03:45,02h 20m,06:05,"4.4
5",87,32 Seats available,WEST BENGAL
Habra to Kolaghat,https://www.redbus.in/bus-tickets/habra-to-kolaghat,WBTC (CTC) HABRA-DIGHA via Bally - 26|04:15,Non AC Seater (2+3),04:15,02h 20m,06:35,4.7,87,48 Seats available,WEST BENGAL
Habra to Kolaghat,https://www.redbus.in/bus-tickets/habra-to-kolaghat,WBTC (CTC) HABRA-DIGHA via Bally - 26|04:30,Non AC Seater (2+3),04:30,02h 40m,07:10,4.7,87,46 Seats available,WEST BENGAL
Habra to Kolaghat,https://www.redbus.in/bus-tickets/habra-to-kolaghat,WBTC (CTC) Habra-Midnapur - 194|04:55,Non AC Seater (2+3),04:55,02h 35m,07:30,4.7,87,43 Seats available,WEST BENGAL
Habra to Kolaghat,https://www.redbus.in/bus-tickets/habra-to-kolaghat,WBTC (CTC) HABRA-DIGHA via Bally - 26|05:15,Non AC Seater (2+3),05:15,02h 20m,07:35,"5.0
8",87,44 Seats available,WEST BENGAL
Habra to Kolaghat,https://www.redbus.in/bus-tickets/habra-to-kolaghat,WBTC (CTC) Habra-Midnapur - 194|05:25,Non AC Seater (2+3),05:25,02h 40m,08:05,4.7,87,43 Seats available,WEST BENGAL
Habra to Kolaghat,https://www.redbus.in/bus-tickets/habra-to-kolaghat,WBTC (CTC) HABRA-DIGHA via Bally - 26|05:35,Non AC Seater (2+3),05:35,02h 20m,07:55,"5.0
4",87,34 Seats available,WEST BENGAL
Habra to Kolaghat,https://www.redbus.in/bus-tickets/habra-to-kolaghat,WBTC (CTC) Habra-Midnapur - 194|05:55,Non AC Seater (2+3),05:55,02h 50m,08:45,4.7,87,37 Seats available,WEST BENGAL
Habra to Kolaghat,https://www.redbus.in/bus-tickets/habra-to-kolaghat,WBTC (CTC) HABRA-DIGHA via Bally - 26|06:55,Non AC Seater (2+3),06:55,02h 50m,09:45,"4.2
5",87,40 Seats available,WEST BENGAL
Habra to Kolaghat,https://www.redbus.in/bus-tickets/habra-to-kolaghat,WBTC (CTC) HABRA-DIGHA via Bally - 26|12:45,Non AC Seater (2+3),12:45,02h 55m,15:40,4.7,87,51 Seats available,WEST BENGAL
Kolkata to Haldia,https://www.redbus.in/bus-tickets/kolkata-to-haldia,SBSTC-KOLKATA - HALDIA - 06:30 (BEL DEPOT) - 557,Non AC Seater (2+3),06:30,03h 00m,09:30,"4.1
174",110,51 Seats available,WEST BENGAL
Kolkata to Haldia,https://www.redbus.in/bus-tickets/kolkata-to-haldia,SBSTC-KOLKATA - HALDIA - NON STOP - 07:15 (Haldia Depot) - 606,Non AC Seater (2+3),07:15,03h 00m,10:15,"4.1
253",135,43 Seats available,WEST BENGAL
Kolkata to Haldia,https://www.redbus.in/bus-tickets/kolkata-to-haldia,SBSTC-BARRACKPORE - HALDIA - VIA - BELGHARIA - 06:40 - 902,Non AC Seater (2+3),07:15,03h 00m,10:15,"4.1
75",112,37 Seats available,WEST BENGAL
Kolkata to Haldia,https://www.redbus.in/bus-tickets/kolkata-to-haldia,SBSTC-KOLKATA - HALDIA - 07:45 (Haldia Depot) - 699,Non AC Seater (2+3),07:45,03h 20m,11:05,"4.4
20",98,52 Seats available,WEST BENGAL
Kolkata to Haldia,https://www.redbus.in/bus-tickets/kolkata-to-haldia,SBSTC-KOLKATA - HALDIA - 08:10 (HWH DEPOT) - 1972,Non AC Seater (2+3),08:10,03h 00m,11:10,"3.8
75",110,52 Seats available,WEST BENGAL
Kolkata to Haldia,https://www.redbus.in/bus-tickets/kolkata-to-haldia,SBSTC-KOLKATA - HALDIA - NON STOP - 8:30 (HALDIA DEPOT) - 567,Non AC Seater (2+3),08:30,03h 00m,11:30,"4.3
222",135,48 Seats available,WEST BENGAL
Kolkata to Haldia,https://www.redbus.in/bus-tickets/kolkata-to-haldia,SBSTC-KOLKATA - HALDIA - 10:05 (Haldia Depot) - 3985,Non AC Seater (2+3),10:05,03h 00m,13:05,"4.8
35",110,41 Seats available,WEST BENGAL
Kolkata to Haldia,https://www.redbus.in/bus-tickets/kolkata-to-haldia,SBSTC-KOLKATA - HALDIA - 10:30 (Haldia Depot) - 1078,Non AC Seater (2+3),10:30,03h 00m,13:30,"4.2
76",110,49 Seats available,WEST BENGAL
Kolkata to Haldia,https://www.redbus.in/bus-tickets/kolkata-to-haldia,SBSTC-KOLKATA - HALDIA - 11:15 (Haldia Depot) - 698,Non AC Seater (2+3),11:15,03h 20m,14:35,"3.9
5",98,52 Seats available,WEST BENGAL
Kolkata to Haldia,https://www.redbus.in/bus-tickets/kolkata-to-haldia,SBSTC-KOLKATA - HALDIA - 12.00 (HALDIA DEPOT) - 561,Non AC Seater (2+3),12:00,03h 00m,15:00,"4.2
24",110,49 Seats available,WEST BENGAL
Kolkata to Haldia,https://www.redbus.in/bus-tickets/kolkata-to-haldia,SBSTC-KOLKATA - HALDIA - 12.30 (HALDIA DEPOT) - 3987,Non AC Seater (2+3),12:30,03h 00m,15:30,"4.6
12",110,51 Seats available,WEST BENGAL
Kolkata to Haldia,https://www.redbus.in/bus-tickets/kolkata-to-haldia,SBSTC-KOLKATA - HALDIA - 13:05 (HALDIA DEPOT) - 4017,Non AC Seater (2+3),13:05,03h 00m,16:05,4.0,110,50 Seats available,WEST BENGAL
Kolkata to Haldia,https://www.redbus.in/bus-tickets/kolkata-to-haldia,SBSTC-CHITTARANJAN - HALDIA - VIA - KOLKATA - 05:40 - 199,Non AC Seater (2+3),13:30,03h 00m,16:30,4.0,110,49 Seats available,WEST BENGAL
Kolkata to Haldia,https://www.redbus.in/bus-tickets/kolkata-to-haldia,SBSTC-KOLKATA - HALDIA - SPL - 14:05 (Haldia Depot) - 3015,Non AC Seater (2+3),14:05,03h 20m,17:25,"3.8
18",98,45 Seats available,WEST BENGAL
Kolkata to Haldia,https://www.redbus.in/bus-tickets/kolkata-to-haldia,SBSTC-KOLKATA - HALDIA - A/C - 14:30 (Haldia Depot) - 980,AC Seater (2+2),14:30,03h 00m,17:30,"4.0
165",210,29 Seats available,WEST BENGAL
Kolkata to Haldia,https://www.redbus.in/bus-tickets/kolkata-to-haldia,Gogol City Service,AC Seater (2+3),12:50,02h 45m,15:35,"4.0
181",149,56 Seats available,WEST BENGAL
Kolkata to Haldia,https://www.redbus.in/bus-tickets/kolkata-to-haldia,Satadal Travels,A/C Seater (2+2),14:55,03h 20m,18:15,"3.8
126",153,40 Seats available,WEST BENGAL
Kolkata to Haldia,https://www.redbus.in/bus-tickets/kolkata-to-haldia,Satadal Travels,A/C Seater (2+2),14:56,03h 19m,18:15,3.8,170,41 Seats available,WEST BENGAL
Kolkata to Haldia,https://www.redbus.in/bus-tickets/kolkata-to-haldia,Diamond City Service,A/C Executive (2+3),15:10,03h 45m,18:55,"4.5
454",170,47 Seats available,WEST BENGAL
Kolkata to Haldia,https://www.redbus.in/bus-tickets/kolkata-to-haldia,Droupadi Paribahan,A/C Seater (2+3),14:10,02h 48m,16:58,"2.7
31",160,61 Seats available,WEST BENGAL
